[1/1779] Generating trace/trace-monitor.c with a custom command
[2/1779] Generating trace/trace-root.h with a custom command
[3/1779] Generating trace/trace-root.c with a custom command
[4/1779] Generating trace/trace-qapi.h with a custom command
[5/1779] Generating trace/trace-qapi.c with a custom command
[6/1779] Generating trace/trace-monitor.h with a custom command
[7/1779] Generating trace/trace-crypto.h with a custom command
[8/1779] Generating trace/trace-util.c with a custom command
[9/1779] Generating trace/trace-authz.h with a custom command
[10/1779] Generating trace/trace-gdbstub.c with a custom command
[11/1779] Generating trace/trace-authz.c with a custom command
[12/1779] Generating trace/trace-crypto.c with a custom command
[13/1779] Generating trace/trace-qom.h with a custom command
[14/1779] Generating trace/trace-qom.c with a custom command
[15/1779] Generating trace/trace-gdbstub.h with a custom command
[16/1779] Generating trace/trace-util.h with a custom command
[17/1779] Generating trace/trace-chardev.c with a custom command
[18/1779] Generating trace/trace-nbd.h with a custom command
[19/1779] Generating trace/trace-chardev.h with a custom command
[20/1779] Generating qemu-img-cmds.h with a custom command (wrapped by meson to capture output)
[21/1779] Generating config-poison.h with a custom command (wrapped by meson to capture output)
[22/1779] Generating trace/trace-io.h with a custom command
[23/1779] Generating trace/trace-nbd.c with a custom command
[24/1779] Generating trace/trace-block.c with a custom command
[25/1779] Generating trace/trace-accel_hvf.c with a custom command
[26/1779] Generating trace/trace-accel_mshv.c with a custom command
[27/1779] Generating trace/trace-accel_hvf.h with a custom command
[28/1779] Generating trace/trace-scsi.h with a custom command
[29/1779] Generating qemu-version.h with a custom command (wrapped by meson to capture output)
[30/1779] Generating trace/trace-block.h with a custom command
[31/1779] Generating hmp-commands-info.h with a custom command (wrapped by meson to capture output)
[32/1779] Generating trace/trace-scsi.c with a custom command
[33/1779] Generating trace/trace-io.c with a custom command
[34/1779] Generating trace/trace-accel_kvm.h with a custom command
[35/1779] Generating trace/trace-accel_mshv.h with a custom command
[36/1779] Generating trace/trace-backends.c with a custom command
[37/1779] Generating trace/trace-audio.h with a custom command
[38/1779] Generating trace/trace-accel_kvm.c with a custom command
[39/1779] Generating trace/trace-accel_nitro.h with a custom command
[40/1779] Generating trace/trace-backends_tpm.h with a custom command
[41/1779] Generating trace/trace-ebpf.h with a custom command
[42/1779] Generating trace/trace-backends_tpm.c with a custom command
[43/1779] Generating trace/trace-hw_9pfs.h with a custom command
[44/1779] Generating trace/trace-ebpf.c with a custom command
[45/1779] Generating trace/trace-accel_nitro.c with a custom command
[46/1779] Generating trace/trace-backends.h with a custom command
[47/1779] Generating trace/trace-hw_9pfs.c with a custom command
[48/1779] Generating trace/trace-hw_alpha.h with a custom command
[49/1779] Generating trace/trace-hw_acpi.c with a custom command
[50/1779] Generating trace/trace-hw_arm.c with a custom command
[51/1779] Generating hmp-commands.h with a custom command (wrapped by meson to capture output)
[52/1779] Generating trace/trace-hw_adc.c with a custom command
[53/1779] Generating trace/trace-hw_arm.h with a custom command
[54/1779] Generating trace/trace-hw_acpi.h with a custom command
[55/1779] Generating trace/trace-hw_adc.h with a custom command
[56/1779] Generating trace/trace-hw_block.c with a custom command
[57/1779] Generating trace/trace-hw_char.c with a custom command
[58/1779] Generating trace/trace-audio.c with a custom command
[59/1779] Generating trace/trace-hw_audio.h with a custom command
[60/1779] Generating trace/trace-hw_display.h with a custom command
[61/1779] Generating trace/trace-hw_audio.c with a custom command
[62/1779] Generating trace/trace-hw_dma.c with a custom command
[63/1779] Generating trace/trace-hw_fsi.h with a custom command
[64/1779] Generating trace/trace-hw_alpha.c with a custom command
[65/1779] Generating trace/trace-hw_dma.h with a custom command
[66/1779] Generating trace/trace-hw_i2c.h with a custom command
[67/1779] Generating trace/trace-hw_char.h with a custom command
[68/1779] Generating trace/trace-hw_block.h with a custom command
[69/1779] Generating trace/trace-hw_display.c with a custom command
[70/1779] Generating trace/trace-hw_hyperv.c with a custom command
[71/1779] Generating trace/trace-hw_fsi.c with a custom command
[72/1779] Generating trace/trace-hw_hyperv.h with a custom command
[73/1779] Generating trace/trace-hw_i3c.c with a custom command
[74/1779] Generating trace/trace-hw_i386.h with a custom command
[75/1779] Generating trace/trace-hw_i386_xen.c with a custom command
[76/1779] Generating trace/trace-hw_i386_xen.h with a custom command
[77/1779] Generating trace/trace-hw_i2c.c with a custom command
[78/1779] Generating trace/trace-hw_input.h with a custom command
[79/1779] Generating trace/trace-hw_i3c.h with a custom command
[80/1779] Generating trace/trace-hw_mem.c with a custom command
[81/1779] Generating trace/trace-hw_mem.h with a custom command
[82/1779] Generating trace/trace-hw_input.c with a custom command
[83/1779] Generating trace/trace-hw_isa.c with a custom command
[84/1779] Generating trace/trace-hw_i386.c with a custom command
[85/1779] Generating trace/trace-hw_i386_kvm.c with a custom command
[86/1779] Generating trace/trace-hw_mips.c with a custom command
[87/1779] Generating trace/trace-hw_ide.c with a custom command
[88/1779] Generating trace/trace-hw_isa.h with a custom command
[89/1779] Generating trace/trace-hw_misc_macio.h with a custom command
[90/1779] Generating trace/trace-hw_intc.h with a custom command
[91/1779] Generating trace/trace-hw_ide.h with a custom command
[92/1779] Generating trace/trace-hw_intc.c with a custom command
[93/1779] Generating trace/trace-hw_nitro.h with a custom command
[94/1779] Generating trace/trace-hw_nitro.c with a custom command
[95/1779] Generating trace/trace-hw_i386_kvm.h with a custom command
[96/1779] Generating trace/trace-hw_nvram.h with a custom command
[97/1779] Generating trace/trace-hw_misc.c with a custom command
[98/1779] Generating trace/trace-hw_nubus.h with a custom command
[99/1779] Generating trace/trace-hw_net_can.h with a custom command
[100/1779] Generating trace/trace-hw_nubus.c with a custom command
[101/1779] Generating trace/trace-hw_nvme.h with a custom command
[102/1779] Generating trace/trace-hw_net.c with a custom command
[103/1779] Generating trace/trace-hw_nvme.c with a custom command
[104/1779] Generating trace/trace-hw_nvram.c with a custom command
[105/1779] Generating trace/trace-hw_misc_macio.c with a custom command
[106/1779] Generating trace/trace-hw_ppc.c with a custom command
[107/1779] Generating trace/trace-hw_rtc.c with a custom command
[108/1779] Generating trace/trace-hw_misc.h with a custom command
[109/1779] Generating trace/trace-hw_ppc.h with a custom command
[110/1779] Generating trace/trace-hw_rtc.h with a custom command
[111/1779] Generating trace/trace-hw_mips.h with a custom command
[112/1779] Generating trace/trace-hw_net_can.c with a custom command
[113/1779] Generating trace/trace-hw_pci_host.h with a custom command
[114/1779] Generating trace/trace-hw_riscv.h with a custom command
[115/1779] Generating trace/trace-hw_riscv.c with a custom command
[116/1779] Generating trace/trace-hw_pci_host.c with a custom command
[117/1779] Generating trace/trace-hw_sd.c with a custom command
[118/1779] Generating trace/trace-hw_sh4.c with a custom command
[119/1779] Generating trace/trace-hw_net.h with a custom command
[120/1779] Generating trace/trace-hw_sensor.c with a custom command
[121/1779] Generating trace/trace-hw_s390x.h with a custom command
[122/1779] Generating trace/trace-hw_sh4.h with a custom command
[123/1779] Generating trace/trace-hw_sd.h with a custom command
[124/1779] Generating trace/trace-hw_scsi.c with a custom command
[125/1779] Generating trace/trace-hw_sensor.h with a custom command
[126/1779] Generating trace/trace-hw_sparc.h with a custom command
[127/1779] Generating trace/trace-hw_sparc64.c with a custom command
[128/1779] Generating trace/trace-hw_s390x.c with a custom command
[129/1779] Generating trace/trace-hw_sparc64.h with a custom command
[130/1779] Generating trace/trace-hw_timer.h with a custom command
[131/1779] Generating trace/trace-hw_ssi.c with a custom command
[132/1779] Generating trace/trace-hw_timer.c with a custom command
[133/1779] Generating trace/trace-hw_ssi.h with a custom command
[134/1779] Generating trace/trace-hw_ufs.c with a custom command
[135/1779] Generating trace/trace-hw_pci.h with a custom command
[136/1779] Generating trace/trace-hw_tpm.c with a custom command
[137/1779] Generating trace/trace-hw_tpm.h with a custom command
[138/1779] Generating trace/trace-hw_scsi.h with a custom command
[139/1779] Generating trace/trace-hw_sparc.c with a custom command
[140/1779] Generating trace/trace-hw_ufs.h with a custom command
[141/1779] Generating trace/trace-hw_uefi.h with a custom command
[142/1779] Generating trace/trace-hw_uefi.c with a custom command
[143/1779] Generating trace/trace-hw_pci.c with a custom command
[144/1779] Generating trace/trace-hw_xen.h with a custom command
[145/1779] Generating trace/trace-hw_usb.c with a custom command
[146/1779] Generating trace/trace-hw_watchdog.c with a custom command
[147/1779] Generating trace/trace-hw_vfio_user.h with a custom command
[148/1779] Generating trace/trace-hw_virtio.h with a custom command
[149/1779] Generating trace/trace-hw_vmapple.h with a custom command
[150/1779] Generating trace/trace-hw_vmapple.c with a custom command
[151/1779] Generating trace/trace-hw_gpio.c with a custom command
[152/1779] Generating trace/trace-net.c with a custom command
[153/1779] Generating trace/trace-hw_vfio.h with a custom command
[154/1779] Generating trace/trace-hw_vfio_user.c with a custom command
[155/1779] Generating trace/trace-net.h with a custom command
[156/1779] Generating trace/trace-system.c with a custom command
[157/1779] Generating trace/trace-migration.c with a custom command
[158/1779] Generating trace/trace-hw_usb.h with a custom command
[159/1779] Generating trace/trace-hw_virtio.c with a custom command
[160/1779] Generating trace/trace-hw_watchdog.h with a custom command
[161/1779] Generating trace/trace-replay.h with a custom command
[162/1779] Generating trace/trace-replay.c with a custom command
[163/1779] Generating trace/trace-migration.h with a custom command
[164/1779] Generating trace/trace-hw_remote.c with a custom command
[165/1779] Generating trace/trace-hw_core.h with a custom command
[166/1779] Generating trace/trace-accel_tcg.c with a custom command
[167/1779] Generating trace/trace-hw_core.c with a custom command
[168/1779] Generating trace/trace-ui.c with a custom command
[169/1779] Generating trace/trace-hw_vfio.c with a custom command
[170/1779] Generating trace/trace-target_arm.c with a custom command
[171/1779] Generating trace/trace-accel_tcg.h with a custom command
[172/1779] Generating trace/trace-ui.h with a custom command
[173/1779] Generating trace/trace-target_hppa.c with a custom command
[174/1779] Generating trace/trace-target_arm_hvf.c with a custom command
[175/1779] Generating trace/trace-target_arm_hvf.h with a custom command
[176/1779] Generating trace/trace-hw_xen.c with a custom command
[177/1779] Generating trace/trace-target_i386.c with a custom command
[178/1779] Generating trace/trace-hw_remote.h with a custom command
[179/1779] Generating trace/trace-hw_gpio.h with a custom command
[180/1779] Generating trace/trace-target_hppa.h with a custom command
[181/1779] Generating trace/trace-system.h with a custom command
[182/1779] Generating trace/trace-target_arm.h with a custom command
[183/1779] Generating trace/trace-target_i386_kvm.h with a custom command
[184/1779] Generating trace/trace-target_mips_tcg.h with a custom command
[185/1779] Generating trace/trace-target_i386.h with a custom command
[186/1779] Generating trace/trace-target_i386_whpx.h with a custom command
[187/1779] Generating trace/trace-target_i386_whpx.c with a custom command
[188/1779] Generating trace/trace-target_loongarch.c with a custom command
[189/1779] Generating trace/trace-target_i386_kvm.c with a custom command
[190/1779] Generating trace/trace-target_mips_tcg.c with a custom command
[191/1779] Generating trace/trace-target_s390x.h with a custom command
[192/1779] Generating trace/trace-target_riscv.h with a custom command
[193/1779] Generating trace/trace-target_riscv.c with a custom command
[194/1779] Generating trace/trace-target_ppc.h with a custom command
[195/1779] Generating trace/trace-target_loongarch.h with a custom command
[196/1779] Generating trace/trace-target_ppc.c with a custom command
[197/1779] Generating trace/trace-target_sparc.h with a custom command
[198/1779] Generating trace/trace-target_s390x.c with a custom command
[199/1779] Generating trace/trace-target_sparc.c with a custom command
[200/1779] Generating trace/trace-target_s390x_kvm.h with a custom command
[201/1779] Generating trace/trace-target_s390x_kvm.c with a custom command
[202/1779] Generating ui/input-keymap-usb-to-qcode.c.inc with a custom command (wrapped by meson to capture output)
[203/1779] Generating ui/input-keymap-qcode-to-atset2.c.inc with a custom command (wrapped by meson to capture output)
[204/1779] Generating ui/input-keymap-win32-to-qcode.c.inc with a custom command (wrapped by meson to capture output)
[205/1779] Generating ui/input-keymap-qcode-to-qnum.c.inc with a custom command (wrapped by meson to capture output)
[206/1779] Generating ui/input-keymap-atset1-to-qcode.c.inc with a custom command (wrapped by meson to capture output)
[207/1779] Generating ui/input-keymap-qcode-to-linux.c.inc with a custom command (wrapped by meson to capture output)
[208/1779] Generating ui/input-keymap-xorgevdev-to-qcode.c.inc with a custom command (wrapped by meson to capture output)
[209/1779] Generating ui/input-keymap-linux-to-qcode.c.inc with a custom command (wrapped by meson to capture output)
[210/1779] Generating ui/input-keymap-xorgkbd-to-qcode.c.inc with a custom command (wrapped by meson to capture output)
[211/1779] Generating ui/input-keymap-qcode-to-sun.c.inc with a custom command (wrapped by meson to capture output)
[212/1779] Generating ui/input-keymap-qcode-to-atset1.c.inc with a custom command (wrapped by meson to capture output)
[213/1779] Generating ui/input-keymap-xorgxquartz-to-qcode.c.inc with a custom command (wrapped by meson to capture output)
[214/1779] Generating ui/input-keymap-qcode-to-atset3.c.inc with a custom command (wrapped by meson to capture output)
[215/1779] Generating block/module_block.h with a custom command
[216/1779] Generating ui/input-keymap-qnum-to-qcode.c.inc with a custom command (wrapped by meson to capture output)
[217/1779] Generating block/block-gen.c with a custom command
[218/1779] Generating ui/shader/texture-blit-vert.h with a custom command (wrapped by meson to capture output)
[219/1779] Generating ui/input-keymap-xorgxwin-to-qcode.c.inc with a custom command (wrapped by meson to capture output)
[220/1779] Generating ui/input-keymap-x11-to-qcode.c.inc with a custom command (wrapped by meson to capture output)
[221/1779] Generating qemu-options.def with a custom command (wrapped by meson to capture output)
[222/1779] Generating ui/input-keymap-osx-to-qcode.c.inc with a custom command (wrapped by meson to capture output)
[223/1779] Generating ui/shader/texture-blit-flip-vert.h with a custom command (wrapped by meson to capture output)
[224/1779] Generating ui/dbus-display preprocess with a custom command (wrapped by meson to set env)
[225/1779] Generating ui/shader/texture-blit-frag.h with a custom command (wrapped by meson to capture output)
[226/1779] Generating 'libqemu-ppc-softmmu.a.p/decode-insn64.c.inc'
[227/1779] Compiling C object subprojects/libvhost-user/libvhost-user-glib.a.p/libvhost-user-glib.c.o
[228/1779] Generating gdbstub/gdbstub-xml.c with a custom command (wrapped by meson to capture output)
[229/1779] Generating 'libqemu-ppc-softmmu.a.p/decode-insn32.c.inc'
[230/1779] Linking static target subprojects/libvhost-user/libvhost-user-glib.a
[231/1779] Generating ui/dbus-display gdbus-codegen with a custom command
[232/1779] Generating 'libcommon.a.p/decode-insns.c.inc'
[233/1779] Compiling C object subprojects/libvduse/libvduse.a.p/libvduse.c.o
[234/1779] Linking static target subprojects/libvduse/libvduse.a
[235/1779] Generating qapi/shared QAPI source files with a custom command
[236/1779] Compiling C object subprojects/libvhost-user/libvhost-user.a.p/libvhost-user.c.o
[237/1779] Generating trace/trace-qapi_commands_block_export_trace_events.c with a custom command
[238/1779] Generating trace/trace-qapi_commands_authz_trace_events.c with a custom command
[239/1779] Generating trace/trace-qapi_commands_control_trace_events.h with a custom command
[240/1779] Generating trace/trace-qapi_commands_block_trace_events.c with a custom command
[241/1779] Generating trace/trace-qapi_commands_block_core_trace_events.c with a custom command
[242/1779] Generating trace/trace-qapi_commands_block_trace_events.h with a custom command
[243/1779] Generating trace/trace-qapi_commands_crypto_trace_events.h with a custom command
[244/1779] Generating trace/trace-qapi_commands_authz_trace_events.h with a custom command
[245/1779] Generating trace/trace-qapi_commands_compat_trace_events.h with a custom command
[246/1779] Generating trace/trace-qapi_commands_crypto_trace_events.c with a custom command
[247/1779] Generating trace/trace-qapi_commands_common_trace_events.h with a custom command
[248/1779] Generating trace/trace-qapi_commands_char_trace_events.c with a custom command
[249/1779] Generating trace/trace-qapi_commands_compat_trace_events.c with a custom command
[250/1779] Generating trace/trace-qapi_commands_block_export_trace_events.h with a custom command
[251/1779] Generating trace/trace-qapi_commands_block_core_trace_events.h with a custom command
[252/1779] Generating trace/trace-qapi_commands_common_trace_events.c with a custom command
[253/1779] Generating trace/trace-qapi_commands_dump_trace_events.h with a custom command
[254/1779] Generating trace/trace-qapi_commands_control_trace_events.c with a custom command
[255/1779] Generating trace/trace-qapi_commands_dump_trace_events.c with a custom command
[256/1779] Generating trace/trace-qapi_commands_cxl_trace_events.h with a custom command
[257/1779] Generating trace/trace-qapi_commands_ebpf_trace_events.h with a custom command
[258/1779] Generating trace/trace-qapi_commands_error_trace_events.h with a custom command
[259/1779] Generating trace/trace-qapi_commands_error_trace_events.c with a custom command
[260/1779] Generating trace/trace-qapi_commands_introspect_trace_events.h with a custom command
[261/1779] Generating trace/trace-qapi_commands_introspect_trace_events.c with a custom command
[262/1779] Generating trace/trace-qapi_commands_machine_common_trace_events.h with a custom command
[263/1779] Generating trace/trace-qapi_commands_char_trace_events.h with a custom command
[264/1779] Generating trace/trace-qapi_commands_machine_trace_events.h with a custom command
[265/1779] Generating trace/trace-qapi_commands_machine_common_trace_events.c with a custom command
[266/1779] Generating trace/trace-qapi_commands_machine_s390x_trace_events.h with a custom command
[267/1779] Generating trace/trace-qapi_commands_cxl_trace_events.c with a custom command
[268/1779] Generating trace/trace-qapi_commands_machine_s390x_trace_events.c with a custom command
[269/1779] Generating trace/trace-qapi_commands_migration_trace_events.h with a custom command
[270/1779] Generating trace/trace-qapi_commands_ebpf_trace_events.c with a custom command
[271/1779] Generating trace/trace-qapi_commands_misc_trace_events.c with a custom command
[272/1779] Generating trace/trace-qapi_commands_pragma_trace_events.h with a custom command
[273/1779] Generating trace/trace-qapi_commands_job_trace_events.c with a custom command
[274/1779] Generating trace/trace-qapi_commands_qom_trace_events.c with a custom command
[275/1779] Generating trace/trace-qapi_commands_pragma_trace_events.c with a custom command
[276/1779] Generating trace/trace-qapi_commands_net_trace_events.c with a custom command
[277/1779] Generating trace/trace-qapi_commands_replay_trace_events.h with a custom command
[278/1779] Generating trace/trace-qapi_commands_sockets_trace_events.h with a custom command
[279/1779] Generating trace/trace-qapi_commands_net_trace_events.h with a custom command
[280/1779] Generating trace/trace-qapi_commands_replay_trace_events.c with a custom command
[281/1779] Generating trace/trace-qapi_commands_qom_trace_events.h with a custom command
[282/1779] Generating trace/trace-qapi_commands_run_state_trace_events.h with a custom command
[283/1779] Generating trace/trace-qapi_commands_run_state_trace_events.c with a custom command
[284/1779] Generating trace/trace-qapi_commands_stats_trace_events.h with a custom command
[285/1779] Generating trace/trace-qapi_commands_misc_trace_events.h with a custom command
[286/1779] Generating trace/trace-qapi_commands_vfio_trace_events.h with a custom command
[287/1779] Generating trace/trace-qapi_commands_migration_trace_events.c with a custom command
[288/1779] Generating trace/trace-qapi_commands_stats_trace_events.c with a custom command
[289/1779] Generating trace/trace-qapi_commands_trace_trace_events.h with a custom command
[290/1779] Generating trace/trace-qapi_commands_trace_trace_events.c with a custom command
[291/1779] Generating trace/trace-qapi_commands_virtio_trace_events.h with a custom command
[292/1779] Generating trace/trace-qapi_commands_sockets_trace_events.c with a custom command
[293/1779] Generating trace/trace-qapi_commands_transaction_trace_events.c with a custom command
[294/1779] Generating trace/trace-qapi_commands_vfio_trace_events.c with a custom command
[295/1779] Generating trace/trace-qapi_commands_accelerator_trace_events.c with a custom command
[296/1779] Generating trace/trace-qapi_commands_acpi_trace_events.h with a custom command
[297/1779] Generating trace/trace-qapi_commands_acpi_hest_trace_events.c with a custom command
[298/1779] Generating trace/trace-qapi_commands_cryptodev_trace_events.c with a custom command
[299/1779] Generating trace/trace-qapi_commands_transaction_trace_events.h with a custom command
[300/1779] Generating trace/trace-qapi_commands_qdev_trace_events.h with a custom command
[301/1779] Generating trace/trace-qapi_commands_audio_trace_events.h with a custom command
[302/1779] Generating trace/trace-qapi_commands_virtio_trace_events.c with a custom command
[303/1779] Generating trace/trace-qapi_commands_qdev_trace_events.c with a custom command
[304/1779] Generating trace/trace-qapi_commands_yank_trace_events.h with a custom command
[305/1779] Generating trace/trace-qapi_commands_audio_trace_events.c with a custom command
[306/1779] Generating trace/trace-qapi_commands_yank_trace_events.c with a custom command
[307/1779] Generating trace/trace-qapi_commands_accelerator_trace_events.h with a custom command
[308/1779] Generating trace/trace-qapi_commands_cryptodev_trace_events.h with a custom command
[309/1779] Generating trace/trace-qapi_commands_acpi_hest_trace_events.h with a custom command
[310/1779] Generating trace/trace-qapi_commands_tpm_trace_events.h with a custom command
[311/1779] Generating trace/trace-qapi_commands_rocker_trace_events.c with a custom command
[312/1779] Generating trace/trace-qapi_commands_rocker_trace_events.h with a custom command
[313/1779] Generating trace/trace-qapi_commands_pci_trace_events.h with a custom command
[314/1779] Generating trace/trace-qapi_commands_pci_trace_events.c with a custom command
[315/1779] Generating trace/trace-qapi_commands_misc_i386_trace_events.h with a custom command
[316/1779] Linking static target subprojects/libvhost-user/libvhost-user.a
[317/1779] Generating trace/trace-qapi_commands_misc_arm_trace_events.h with a custom command
[318/1779] Generating trace/trace-qapi_commands_misc_i386_trace_events.c with a custom command
[319/1779] Generating trace/trace-qapi_commands_tpm_trace_events.c with a custom command
[320/1779] Generating trace/trace-qapi_commands_ui_trace_events.c with a custom command
[321/1779] Generating trace/trace-qapi_commands_misc_arm_trace_events.c with a custom command
[322/1779] Generating trace/trace-qapi_commands_machine_trace_events.c with a custom command
[323/1779] Generating trace/trace-qapi_commands_uefi_trace_events.c with a custom command
[324/1779] Generating trace/trace-qapi_commands_ui_trace_events.h with a custom command
[325/1779] Generating trace/trace-qapi_commands_job_trace_events.h with a custom command
[326/1779] Generating trace/trace-qapi_commands_acpi_trace_events.c with a custom command
[327/1779] Generating trace/trace-qapi_commands_uefi_trace_events.h with a custom command
[328/1779] Compiling C object libqemuutil.a.p/meson-generated_.._qapi_qapi-commands-authz.c.o
[329/1779] Compiling C object libqemuutil.a.p/meson-generated_.._qapi_qapi-emit-events.c.o
[330/1779] Compiling C object libqemuutil.a.p/meson-generated_.._qapi_qapi-types-block.c.o
[331/1779] Compiling C object libqemuutil.a.p/meson-generated_.._qapi_qapi-visit-authz.c.o
[332/1779] Compiling C object libqemuutil.a.p/meson-generated_.._qapi_qapi-types.c.o
[333/1779] Compiling C object libqemuutil.a.p/meson-generated_.._qapi_qapi-types-authz.c.o
[334/1779] Compiling C object libqemuutil.a.p/meson-generated_.._qapi_qapi-builtin-visit.c.o
[335/1779] Compiling C object libqemuutil.a.p/meson-generated_.._qapi_qapi-builtin-types.c.o
[336/1779] Compiling C object libqemuutil.a.p/meson-generated_.._qapi_qapi-events-authz.c.o
[337/1779] Compiling C object libqemuutil.a.p/meson-generated_.._qapi_qapi-visit.c.o
[338/1779] Compiling C object libqemuutil.a.p/meson-generated_.._qapi_qapi-events.c.o
[339/1779] Compiling C object libqemuutil.a.p/meson-generated_.._qapi_qapi-commands.c.o
[340/1779] Compiling C object libqemuutil.a.p/meson-generated_.._qapi_qapi-events-block.c.o
[341/1779] Compiling C object libqemuutil.a.p/meson-generated_.._qapi_qapi-events-block-export.c.o
[342/1779] Compiling C object libqemuutil.a.p/meson-generated_.._qapi_qapi-visit-block.c.o
[343/1779] Compiling C object libqemuutil.a.p/meson-generated_.._qapi_qapi-events-block-core.c.o
[344/1779] Compiling C object libqemuutil.a.p/meson-generated_.._qapi_qapi-events-char.c.o
[345/1779] Compiling C object libqemuutil.a.p/meson-generated_.._qapi_qapi-types-char.c.o
[346/1779] Compiling C object libqemuutil.a.p/meson-generated_.._qapi_qapi-commands-common.c.o
[347/1779] Compiling C object libqemuutil.a.p/meson-generated_.._qapi_qapi-commands-block-export.c.o
[348/1779] Compiling C object libqemuutil.a.p/meson-generated_.._qapi_qapi-types-block-core.c.o
[349/1779] Compiling C object libqemuutil.a.p/meson-generated_.._qapi_qapi-events-common.c.o
[350/1779] Compiling C object libqemuutil.a.p/meson-generated_.._qapi_qapi-visit-block-export.c.o
[351/1779] Compiling C object libqemuutil.a.p/meson-generated_.._qapi_qapi-types-common.c.o
[352/1779] Compiling C object libqemuutil.a.p/meson-generated_.._qapi_qapi-visit-common.c.o
[353/1779] Compiling C object libqemuutil.a.p/meson-generated_.._qapi_qapi-types-compat.c.o
[354/1779] Compiling C object libqemuutil.a.p/meson-generated_.._qapi_qapi-init-commands.c.o
[355/1779] Compiling C object libqemuutil.a.p/meson-generated_.._qapi_qapi-commands-block.c.o
[356/1779] Compiling C object libqemuutil.a.p/meson-generated_.._qapi_qapi-visit-compat.c.o
[357/1779] Compiling C object libqemuutil.a.p/meson-generated_.._qapi_qapi-events-control.c.o
[358/1779] Compiling C object libqemuutil.a.p/meson-generated_.._qapi_qapi-types-block-export.c.o
[359/1779] Compiling C object libqemuutil.a.p/meson-generated_.._qapi_qapi-events-compat.c.o
[360/1779] Compiling C object libqemuutil.a.p/meson-generated_.._qapi_qapi-commands-compat.c.o
[361/1779] Compiling C object libqemuutil.a.p/meson-generated_.._qapi_qapi-types-cxl.c.o
[362/1779] Compiling C object libqemuutil.a.p/meson-generated_.._qapi_qapi-events-crypto.c.o
[363/1779] Compiling C object libqemuutil.a.p/meson-generated_.._qapi_qapi-commands-crypto.c.o
[364/1779] Compiling C object libqemuutil.a.p/meson-generated_.._qapi_qapi-events-cxl.c.o
[365/1779] Compiling C object libqemuutil.a.p/meson-generated_.._qapi_qapi-visit-ebpf.c.o
[366/1779] Compiling C object libqemuutil.a.p/meson-generated_.._qapi_qapi-types-dump.c.o
[367/1779] Compiling C object libqemuutil.a.p/meson-generated_.._qapi_qapi-events-dump.c.o
[368/1779] Compiling C object libqemuutil.a.p/meson-generated_.._qapi_qapi-commands-control.c.o
[369/1779] Compiling C object libqemuutil.a.p/meson-generated_.._qapi_qapi-types-ebpf.c.o
[370/1779] Compiling C object libqemuutil.a.p/meson-generated_.._qapi_qapi-introspect.c.o
[371/1779] Compiling C object libqemuutil.a.p/meson-generated_.._qapi_qapi-types-control.c.o
[372/1779] Compiling C object libqemuutil.a.p/meson-generated_.._qapi_qapi-visit-dump.c.o
[373/1779] Compiling C object libqemuutil.a.p/meson-generated_.._qapi_qapi-types-crypto.c.o
[374/1779] Compiling C object libqemuutil.a.p/meson-generated_.._qapi_qapi-commands-char.c.o
[375/1779] Compiling C object libqemuutil.a.p/meson-generated_.._qapi_qapi-types-error.c.o
[376/1779] Compiling C object libqemuutil.a.p/meson-generated_.._qapi_qapi-commands-ebpf.c.o
[377/1779] Compiling C object libqemuutil.a.p/meson-generated_.._qapi_qapi-visit-error.c.o
[378/1779] Compiling C object libqemuutil.a.p/meson-generated_.._qapi_qapi-commands-dump.c.o
[379/1779] Compiling C object libqemuutil.a.p/meson-generated_.._qapi_qapi-visit-control.c.o
[380/1779] Compiling C object libqemuutil.a.p/meson-generated_.._qapi_qapi-events-ebpf.c.o
[381/1779] Compiling C object libqemuutil.a.p/meson-generated_.._qapi_qapi-events-error.c.o
[382/1779] Compiling C object libqemuutil.a.p/meson-generated_.._qapi_qapi-types-introspect.c.o
[383/1779] Compiling C object libqemuutil.a.p/meson-generated_.._qapi_qapi-events-introspect.c.o
[384/1779] Compiling C object libqemuutil.a.p/meson-generated_.._qapi_qapi-commands-error.c.o
[385/1779] Compiling C object libqemuutil.a.p/meson-generated_.._qapi_qapi-commands-cxl.c.o
[386/1779] Compiling C object libqemuutil.a.p/meson-generated_.._qapi_qapi-events-job.c.o
[387/1779] Compiling C object libqemuutil.a.p/meson-generated_.._qapi_qapi-visit-job.c.o
[388/1779] Compiling C object libqemuutil.a.p/meson-generated_.._qapi_qapi-commands-machine-common.c.o
[389/1779] Compiling C object libqemuutil.a.p/meson-generated_.._qapi_qapi-types-machine-common.c.o
[390/1779] Compiling C object libqemuutil.a.p/meson-generated_.._qapi_qapi-types-job.c.o
[391/1779] Compiling C object libqemuutil.a.p/meson-generated_.._qapi_qapi-visit-machine-common.c.o
[392/1779] Compiling C object libqemuutil.a.p/meson-generated_.._qapi_qapi-visit-char.c.o
[393/1779] Compiling C object libqemuutil.a.p/meson-generated_.._qapi_qapi-events-machine-common.c.o
[394/1779] Compiling C object libqemuutil.a.p/meson-generated_.._qapi_qapi-visit-cxl.c.o
[395/1779] Compiling C object libqemuutil.a.p/meson-generated_.._qapi_qapi-commands-job.c.o
[396/1779] Compiling C object libqemuutil.a.p/meson-generated_.._qapi_qapi-commands-introspect.c.o
[397/1779] Compiling C object libqemuutil.a.p/meson-generated_.._qapi_qapi-visit-crypto.c.o
[398/1779] Compiling C object libqemuutil.a.p/meson-generated_.._qapi_qapi-visit-machine-s390x.c.o
[399/1779] Compiling C object libqemuutil.a.p/meson-generated_.._qapi_qapi-events-machine.c.o
[400/1779] Compiling C object libqemuutil.a.p/meson-generated_.._qapi_qapi-types-misc.c.o
[401/1779] Compiling C object libqemuutil.a.p/meson-generated_.._qapi_qapi-types-machine-s390x.c.o
[402/1779] Compiling C object libqemuutil.a.p/meson-generated_.._qapi_qapi-types-machine.c.o
[403/1779] Compiling C object libqemuutil.a.p/meson-generated_.._qapi_qapi-events-machine-s390x.c.o
[404/1779] Compiling C object libqemuutil.a.p/meson-generated_.._qapi_qapi-commands-block-core.c.o
[405/1779] Compiling C object libqemuutil.a.p/meson-generated_.._qapi_qapi-commands-machine-s390x.c.o
[406/1779] Compiling C object libqemuutil.a.p/meson-generated_.._qapi_qapi-events-migration.c.o
[407/1779] Compiling C object libqemuutil.a.p/meson-generated_.._qapi_qapi-events-misc.c.o
[408/1779] Compiling C object libqemuutil.a.p/meson-generated_.._qapi_qapi-types-net.c.o
[409/1779] Compiling C object libqemuutil.a.p/meson-generated_.._qapi_qapi-visit-introspect.c.o
[410/1779] Compiling C object libqemuutil.a.p/meson-generated_.._qapi_qapi-types-migration.c.o
[411/1779] Compiling C object libqemuutil.a.p/meson-generated_.._qapi_qapi-types-pragma.c.o
[412/1779] Compiling C object libqemuutil.a.p/meson-generated_.._qapi_qapi-commands-pragma.c.o
[413/1779] Compiling C object libqemuutil.a.p/meson-generated_.._qapi_qapi-visit-pragma.c.o
[414/1779] Compiling C object libqemuutil.a.p/meson-generated_.._qapi_qapi-events-pragma.c.o
[415/1779] Compiling C object libqemuutil.a.p/meson-generated_.._qapi_qapi-events-replay.c.o
[416/1779] Compiling C object libqemuutil.a.p/meson-generated_.._qapi_qapi-visit-replay.c.o
[417/1779] Compiling C object libqemuutil.a.p/meson-generated_.._qapi_qapi-events-qom.c.o
[418/1779] Compiling C object libqemuutil.a.p/meson-generated_.._qapi_qapi-events-net.c.o
[419/1779] Compiling C object libqemuutil.a.p/meson-generated_.._qapi_qapi-commands-net.c.o
[420/1779] Compiling C object libqemuutil.a.p/meson-generated_.._qapi_qapi-commands-replay.c.o
[421/1779] Compiling C object libqemuutil.a.p/meson-generated_.._qapi_qapi-commands-misc.c.o
[422/1779] Compiling C object libqemuutil.a.p/meson-generated_.._qapi_qapi-visit-misc.c.o
[423/1779] Compiling C object libqemuutil.a.p/meson-generated_.._qapi_qapi-types-run-state.c.o
[424/1779] Compiling C object libqemuutil.a.p/meson-generated_.._qapi_qapi-types-replay.c.o
[425/1779] Compiling C object libqemuutil.a.p/meson-generated_.._qapi_qapi-types-sockets.c.o
[426/1779] Compiling C object libqemuutil.a.p/meson-generated_.._qapi_qapi-commands-qom.c.o
[427/1779] Compiling C object libqemuutil.a.p/meson-generated_.._qapi_qapi-commands-run-state.c.o
[428/1779] Compiling C object libqemuutil.a.p/meson-generated_.._qapi_qapi-commands-sockets.c.o
[429/1779] Compiling C object libqemuutil.a.p/meson-generated_.._qapi_qapi-events-sockets.c.o
[430/1779] Compiling C object libqemuutil.a.p/meson-generated_.._qapi_qapi-types-qom.c.o
[431/1779] Compiling C object libqemuutil.a.p/meson-generated_.._qapi_qapi-visit-migration.c.o
[432/1779] Compiling C object libqemuutil.a.p/meson-generated_.._qapi_qapi-commands-migration.c.o
[433/1779] Compiling C object libqemuutil.a.p/meson-generated_.._qapi_qapi-events-stats.c.o
[434/1779] Compiling C object libqemuutil.a.p/meson-generated_.._qapi_qapi-events-run-state.c.o
[435/1779] Compiling C object libqemuutil.a.p/meson-generated_.._qapi_qapi-types-stats.c.o
[436/1779] Compiling C object libqemuutil.a.p/meson-generated_.._qapi_qapi-visit-net.c.o
[437/1779] Compiling C object libqemuutil.a.p/meson-generated_.._qapi_qapi-visit-sockets.c.o
[438/1779] Compiling C object libqemuutil.a.p/meson-generated_.._qapi_qapi-commands-stats.c.o
[439/1779] Compiling C object libqemuutil.a.p/meson-generated_.._qapi_qapi-types-trace.c.o
[440/1779] Compiling C object libqemuutil.a.p/meson-generated_.._qapi_qapi-visit-trace.c.o
[441/1779] Compiling C object libqemuutil.a.p/meson-generated_.._qapi_qapi-types-vfio.c.o
[442/1779] Compiling C object libqemuutil.a.p/meson-generated_.._qapi_qapi-visit-run-state.c.o
[443/1779] Compiling C object libqemuutil.a.p/meson-generated_.._qapi_qapi-events-trace.c.o
[444/1779] Compiling C object libqemuutil.a.p/meson-generated_.._qapi_qapi-events-transaction.c.o
[445/1779] Compiling C object libqemuutil.a.p/meson-generated_.._qapi_qapi-commands-vfio.c.o
[446/1779] Compiling C object libqemuutil.a.p/meson-generated_.._qapi_qapi-commands-trace.c.o
[447/1779] Compiling C object libqemuutil.a.p/meson-generated_.._qapi_qapi-events-virtio.c.o
[448/1779] Compiling C object libqemuutil.a.p/meson-generated_.._qapi_qapi-visit-vfio.c.o
[449/1779] Compiling C object libqemuutil.a.p/meson-generated_.._qapi_qapi-commands-transaction.c.o
[450/1779] Compiling C object libqemuutil.a.p/meson-generated_.._qapi_qapi-visit-stats.c.o
[451/1779] Compiling C object libqemuutil.a.p/meson-generated_.._qapi_qapi-events-vfio.c.o
[452/1779] Compiling C object libqemuutil.a.p/meson-generated_.._qapi_qapi-types-transaction.c.o
[453/1779] Compiling C object libqemuutil.a.p/meson-generated_.._qapi_qapi-types-accelerator.c.o
[454/1779] Compiling C object libqemuutil.a.p/meson-generated_.._qapi_qapi-types-virtio.c.o
[455/1779] Compiling C object libqemuutil.a.p/meson-generated_.._qapi_qapi-events-yank.c.o
[456/1779] Compiling C object libqemuutil.a.p/meson-generated_.._qapi_qapi-commands-yank.c.o
[457/1779] Compiling C object libqemuutil.a.p/meson-generated_.._qapi_qapi-types-yank.c.o
[458/1779] Compiling C object libqemuutil.a.p/meson-generated_.._qapi_qapi-events-accelerator.c.o
[459/1779] Compiling C object libqemuutil.a.p/meson-generated_.._qapi_qapi-commands-machine.c.o
[460/1779] Compiling C object libqemuutil.a.p/meson-generated_.._qapi_qapi-visit-accelerator.c.o
[461/1779] Compiling C object libqemuutil.a.p/meson-generated_.._qapi_qapi-commands-virtio.c.o
[462/1779] Compiling C object libqemuutil.a.p/meson-generated_.._qapi_qapi-visit-yank.c.o
[463/1779] Compiling C object libqemuutil.a.p/meson-generated_.._qapi_qapi-visit-transaction.c.o
[464/1779] Compiling C object libqemuutil.a.p/meson-generated_.._qapi_qapi-types-acpi-hest.c.o
[465/1779] Compiling C object libqemuutil.a.p/meson-generated_.._qapi_qapi-visit-machine.c.o
[466/1779] Compiling C object libqemuutil.a.p/meson-generated_.._qapi_qapi-events-acpi-hest.c.o
[467/1779] Compiling C object libqemuutil.a.p/meson-generated_.._qapi_qapi-events-acpi.c.o
[468/1779] Compiling C object libqemuutil.a.p/meson-generated_.._qapi_qapi-commands-acpi-hest.c.o
[469/1779] Compiling C object libqemuutil.a.p/meson-generated_.._qapi_qapi-types-acpi.c.o
[470/1779] Compiling C object libqemuutil.a.p/meson-generated_.._qapi_qapi-commands-accelerator.c.o
[471/1779] Compiling C object libqemuutil.a.p/meson-generated_.._qapi_qapi-visit-acpi-hest.c.o
[472/1779] Compiling C object libqemuutil.a.p/meson-generated_.._qapi_qapi-types-audio.c.o
[473/1779] Compiling C object libqemuutil.a.p/meson-generated_.._qapi_qapi-commands-acpi.c.o
[474/1779] Compiling C object libqemuutil.a.p/meson-generated_.._qapi_qapi-visit-acpi.c.o
[475/1779] Compiling C object libqemuutil.a.p/meson-generated_.._qapi_qapi-events-cryptodev.c.o
[476/1779] Compiling C object libqemuutil.a.p/meson-generated_.._qapi_qapi-visit-qom.c.o
[477/1779] Compiling C object libqemuutil.a.p/meson-generated_.._qapi_qapi-commands-audio.c.o
[478/1779] Compiling C object libqemuutil.a.p/meson-generated_.._qapi_qapi-visit-virtio.c.o
[479/1779] Compiling C object libqemuutil.a.p/meson-generated_.._qapi_qapi-types-qdev.c.o
[480/1779] Compiling C object libqemuutil.a.p/meson-generated_.._qapi_qapi-events-audio.c.o
[481/1779] Compiling C object libqemuutil.a.p/meson-generated_.._qapi_qapi-commands-cryptodev.c.o
[482/1779] Compiling C object libqemuutil.a.p/meson-generated_.._qapi_qapi-visit-qdev.c.o
[483/1779] Compiling C object libqemuutil.a.p/meson-generated_.._qapi_qapi-types-cryptodev.c.o
[484/1779] Compiling C object libqemuutil.a.p/meson-generated_.._qapi_qapi-commands-pci.c.o
[485/1779] Compiling C object libqemuutil.a.p/meson-generated_.._qapi_qapi-visit-cryptodev.c.o
[486/1779] Compiling C object libqemuutil.a.p/meson-generated_.._qapi_qapi-commands-qdev.c.o
[487/1779] Compiling C object libqemuutil.a.p/meson-generated_.._qapi_qapi-types-pci.c.o
[488/1779] Compiling C object libqemuutil.a.p/meson-generated_.._qapi_qapi-events-pci.c.o
[489/1779] Compiling C object libqemuutil.a.p/meson-generated_.._qapi_qapi-types-rocker.c.o
[490/1779] Compiling C object libqemuutil.a.p/meson-generated_.._qapi_qapi-events-misc-arm.c.o
[491/1779] Compiling C object libqemuutil.a.p/meson-generated_.._qapi_qapi-types-misc-arm.c.o
[492/1779] Compiling C object libqemuutil.a.p/meson-generated_.._qapi_qapi-types-misc-i386.c.o
[493/1779] Compiling C object libqemuutil.a.p/meson-generated_.._qapi_qapi-events-rocker.c.o
[494/1779] Compiling C object libqemuutil.a.p/meson-generated_.._qapi_qapi-commands-misc-arm.c.o
[495/1779] Compiling C object libqemuutil.a.p/meson-generated_.._qapi_qapi-events-qdev.c.o
[496/1779] Compiling C object libqemuutil.a.p/meson-generated_.._qapi_qapi-visit-pci.c.o
[497/1779] Compiling C object libqemuutil.a.p/meson-generated_.._qapi_qapi-visit-misc-arm.c.o
[498/1779] Compiling C object libqemuutil.a.p/meson-generated_.._qapi_qapi-events-misc-i386.c.o
[499/1779] Compiling C object libqemuutil.a.p/meson-generated_.._qapi_qapi-visit-rocker.c.o
[500/1779] Compiling C object libqemuutil.a.p/meson-generated_.._qapi_qapi-events-uefi.c.o
[501/1779] Compiling C object libqemuutil.a.p/meson-generated_.._qapi_qapi-commands-rocker.c.o
[502/1779] Compiling C object libqemuutil.a.p/meson-generated_.._qapi_qapi-visit-tpm.c.o
[503/1779] Compiling C object libqemuutil.a.p/meson-generated_.._qapi_qapi-commands-tpm.c.o
[504/1779] Compiling C object libqemuutil.a.p/meson-generated_.._qapi_qapi-events-tpm.c.o
[505/1779] Compiling C object libqemuutil.a.p/meson-generated_.._qapi_qapi-commands-uefi.c.o
[506/1779] Compiling C object libqemuutil.a.p/meson-generated_.._trace_trace-root.c.o
[507/1779] Compiling C object libqemuutil.a.p/meson-generated_.._qapi_qapi-types-ui.c.o
[508/1779] Compiling C object libqemuutil.a.p/meson-generated_.._qapi_qapi-types-uefi.c.o
[509/1779] Compiling C object libqemuutil.a.p/meson-generated_.._qapi_qapi-types-tpm.c.o
[510/1779] Compiling C object libqemuutil.a.p/meson-generated_.._qapi_qapi-visit-misc-i386.c.o
[511/1779] Compiling C object libqemuutil.a.p/meson-generated_.._trace_trace-monitor.c.o
[512/1779] Compiling C object libqemuutil.a.p/meson-generated_.._qapi_qapi-commands-misc-i386.c.o
[513/1779] Compiling C object libqemuutil.a.p/meson-generated_.._qapi_qapi-visit-uefi.c.o
[514/1779] Compiling C object libqemuutil.a.p/meson-generated_.._trace_trace-crypto.c.o
[515/1779] Compiling C object libqemuutil.a.p/meson-generated_.._trace_trace-util.c.o
[516/1779] Compiling C object libqemuutil.a.p/meson-generated_.._qapi_qapi-visit-audio.c.o
[517/1779] Compiling C object libqemuutil.a.p/meson-generated_.._trace_trace-qom.c.o
[518/1779] Compiling C object libqemuutil.a.p/meson-generated_.._trace_trace-gdbstub.c.o
[519/1779] Compiling C object libqemuutil.a.p/meson-generated_.._trace_trace-qapi.c.o
[520/1779] Compiling C object libqemuutil.a.p/meson-generated_.._trace_trace-authz.c.o
[521/1779] Compiling C object libqemuutil.a.p/meson-generated_.._trace_trace-io.c.o
[522/1779] Compiling C object libqemuutil.a.p/meson-generated_.._trace_trace-block.c.o
[523/1779] Compiling C object libqemuutil.a.p/meson-generated_.._trace_trace-scsi.c.o
[524/1779] Compiling C object libqemuutil.a.p/meson-generated_.._qapi_qapi-events-ui.c.o
[525/1779] Compiling C object libqemuutil.a.p/meson-generated_.._trace_trace-chardev.c.o
[526/1779] Compiling C object libqemuutil.a.p/meson-generated_.._trace_trace-accel_mshv.c.o
[527/1779] Compiling C object libqemuutil.a.p/meson-generated_.._trace_trace-accel_hvf.c.o
[528/1779] Compiling C object libqemuutil.a.p/meson-generated_.._trace_trace-accel_kvm.c.o
[529/1779] Compiling C object libqemuutil.a.p/meson-generated_.._trace_trace-nbd.c.o
[530/1779] Compiling C object libqemuutil.a.p/meson-generated_.._trace_trace-accel_nitro.c.o
[531/1779] Compiling C object libqemuutil.a.p/meson-generated_.._trace_trace-backends.c.o
[532/1779] Compiling C object libqemuutil.a.p/meson-generated_.._trace_trace-audio.c.o
[533/1779] Compiling C object libqemuutil.a.p/meson-generated_.._trace_trace-ebpf.c.o
[534/1779] Compiling C object libqemuutil.a.p/meson-generated_.._trace_trace-hw_adc.c.o
[535/1779] Compiling C object libqemuutil.a.p/meson-generated_.._trace_trace-hw_char.c.o
[536/1779] Compiling C object libqemuutil.a.p/meson-generated_.._trace_trace-hw_alpha.c.o
[537/1779] Compiling C object libqemuutil.a.p/meson-generated_.._trace_trace-hw_audio.c.o
[538/1779] Compiling C object libqemuutil.a.p/meson-generated_.._trace_trace-hw_9pfs.c.o
[539/1779] Compiling C object libqemuutil.a.p/meson-generated_.._trace_trace-hw_dma.c.o
[540/1779] Compiling C object libqemuutil.a.p/meson-generated_.._qapi_qapi-commands-ui.c.o
[541/1779] Compiling C object libqemuutil.a.p/meson-generated_.._trace_trace-hw_arm.c.o
[542/1779] Compiling C object libqemuutil.a.p/meson-generated_.._trace_trace-backends_tpm.c.o
[543/1779] Compiling C object libqemuutil.a.p/meson-generated_.._trace_trace-hw_i2c.c.o
[544/1779] Compiling C object libqemuutil.a.p/meson-generated_.._trace_trace-hw_block.c.o
[545/1779] Compiling C object libqemuutil.a.p/meson-generated_.._trace_trace-hw_acpi.c.o
[546/1779] Compiling C object libqemuutil.a.p/meson-generated_.._trace_trace-hw_i3c.c.o
[547/1779] Compiling C object libqemuutil.a.p/meson-generated_.._trace_trace-hw_fsi.c.o
[548/1779] Compiling C object libqemuutil.a.p/meson-generated_.._trace_trace-hw_ide.c.o
[549/1779] Compiling C object libqemuutil.a.p/meson-generated_.._trace_trace-hw_hyperv.c.o
[550/1779] Compiling C object libqemuutil.a.p/meson-generated_.._trace_trace-hw_i386_kvm.c.o
[551/1779] Compiling C object libqemuutil.a.p/meson-generated_.._trace_trace-hw_input.c.o
[552/1779] Compiling C object libqemuutil.a.p/meson-generated_.._trace_trace-hw_mips.c.o
[553/1779] Compiling C object libqemuutil.a.p/meson-generated_.._trace_trace-hw_i386.c.o
[554/1779] Compiling C object libqemuutil.a.p/meson-generated_.._trace_trace-hw_nitro.c.o
[555/1779] Compiling C object libqemuutil.a.p/meson-generated_.._trace_trace-hw_i386_xen.c.o
[556/1779] Compiling C object libqemuutil.a.p/meson-generated_.._trace_trace-hw_display.c.o
[557/1779] Compiling C object libqemuutil.a.p/meson-generated_.._trace_trace-hw_net_can.c.o
[558/1779] Compiling C object libqemuutil.a.p/meson-generated_.._trace_trace-hw_nubus.c.o
[559/1779] Compiling C object libqemuutil.a.p/meson-generated_.._trace_trace-hw_isa.c.o
[560/1779] Compiling C object libqemuutil.a.p/meson-generated_.._trace_trace-hw_mem.c.o
[561/1779] Compiling C object libqemuutil.a.p/meson-generated_.._trace_trace-hw_misc_macio.c.o
[562/1779] Compiling C object libqemuutil.a.p/meson-generated_.._trace_trace-hw_nvme.c.o
[563/1779] Compiling C object libqemuutil.a.p/meson-generated_.._trace_trace-hw_pci_host.c.o
[564/1779] Compiling C object libqemuutil.a.p/meson-generated_.._trace_trace-hw_pci.c.o
[565/1779] Compiling C object libqemuutil.a.p/meson-generated_.._trace_trace-hw_intc.c.o
[566/1779] Compiling C object libqemuutil.a.p/meson-generated_.._trace_trace-hw_misc.c.o
[567/1779] Compiling C object libqemuutil.a.p/meson-generated_.._trace_trace-hw_net.c.o
[568/1779] Compiling C object libqemuutil.a.p/meson-generated_.._trace_trace-hw_riscv.c.o
[569/1779] Compiling C object libqemuutil.a.p/meson-generated_.._qapi_qapi-visit-block-core.c.o
[570/1779] Compiling C object libqemuutil.a.p/meson-generated_.._trace_trace-hw_rtc.c.o
[571/1779] Compiling C object libqemuutil.a.p/meson-generated_.._trace_trace-hw_sensor.c.o
[572/1779] Compiling C object libqemuutil.a.p/meson-generated_.._qapi_qapi-visit-ui.c.o
[573/1779] Compiling C object libqemuutil.a.p/meson-generated_.._trace_trace-hw_ppc.c.o
[574/1779] Compiling C object libqemuutil.a.p/meson-generated_.._trace_trace-hw_s390x.c.o
[575/1779] Compiling C object libqemuutil.a.p/meson-generated_.._trace_trace-hw_sparc.c.o
[576/1779] Compiling C object libqemuutil.a.p/meson-generated_.._trace_trace-hw_sh4.c.o
[577/1779] Compiling C object libqemuutil.a.p/meson-generated_.._trace_trace-hw_sparc64.c.o
[578/1779] Compiling C object libqemuutil.a.p/meson-generated_.._trace_trace-hw_uefi.c.o
[579/1779] Compiling C object libqemuutil.a.p/meson-generated_.._trace_trace-hw_scsi.c.o
[580/1779] Compiling C object libqemuutil.a.p/meson-generated_.._trace_trace-hw_timer.c.o
[581/1779] Compiling C object libqemuutil.a.p/meson-generated_.._trace_trace-hw_vfio.c.o
[582/1779] Compiling C object libqemuutil.a.p/meson-generated_.._trace_trace-hw_tpm.c.o
[583/1779] Compiling C object libqemuutil.a.p/meson-generated_.._trace_trace-hw_vmapple.c.o
[584/1779] Compiling C object libqemuutil.a.p/meson-generated_.._trace_trace-hw_ufs.c.o
[585/1779] Compiling C object libqemuutil.a.p/meson-generated_.._trace_trace-hw_usb.c.o
[586/1779] Compiling C object libqemuutil.a.p/meson-generated_.._trace_trace-hw_ssi.c.o
[587/1779] Compiling C object libqemuutil.a.p/meson-generated_.._trace_trace-system.c.o
[588/1779] Compiling C object libqemuutil.a.p/meson-generated_.._trace_trace-hw_virtio.c.o
[589/1779] Compiling C object libqemuutil.a.p/meson-generated_.._trace_trace-hw_vfio_user.c.o
[590/1779] Compiling C object libqemuutil.a.p/meson-generated_.._trace_trace-hw_gpio.c.o
[591/1779] Compiling C object libqemuutil.a.p/meson-generated_.._trace_trace-hw_xen.c.o
[592/1779] Compiling C object libqemuutil.a.p/meson-generated_.._trace_trace-hw_sd.c.o
[593/1779] Compiling C object libqemuutil.a.p/meson-generated_.._trace_trace-migration.c.o
[594/1779] Compiling C object libqemuutil.a.p/meson-generated_.._trace_trace-ui.c.o
[595/1779] Compiling C object libqemuutil.a.p/meson-generated_.._trace_trace-target_arm_hvf.c.o
[596/1779] Compiling C object libqemuutil.a.p/meson-generated_.._trace_trace-accel_tcg.c.o
[597/1779] Compiling C object libqemuutil.a.p/meson-generated_.._trace_trace-replay.c.o
[598/1779] Compiling C object libqemuutil.a.p/meson-generated_.._trace_trace-hw_watchdog.c.o
[599/1779] Compiling C object libqemuutil.a.p/meson-generated_.._trace_trace-hw_core.c.o
[600/1779] Compiling C object libqemuutil.a.p/meson-generated_.._trace_trace-target_hppa.c.o
[601/1779] Compiling C object libqemuutil.a.p/meson-generated_.._trace_trace-hw_nvram.c.o
[602/1779] Compiling C object libqemuutil.a.p/meson-generated_.._trace_trace-hw_remote.c.o
[603/1779] Compiling C object libqemuutil.a.p/meson-generated_.._trace_trace-target_i386.c.o
[604/1779] Compiling C object libqemuutil.a.p/meson-generated_.._trace_trace-target_i386_kvm.c.o
[605/1779] Compiling C object libqemuutil.a.p/meson-generated_.._trace_trace-target_arm.c.o
[606/1779] Compiling C object libqemuutil.a.p/meson-generated_.._trace_trace-target_ppc.c.o
[607/1779] Compiling C object libqemuutil.a.p/meson-generated_.._trace_trace-target_i386_whpx.c.o
[608/1779] Compiling C object libqemuutil.a.p/meson-generated_.._trace_trace-target_loongarch.c.o
[609/1779] Compiling C object libqemuutil.a.p/meson-generated_.._trace_trace-net.c.o
[610/1779] Compiling C object libqemuutil.a.p/meson-generated_.._trace_trace-target_s390x_kvm.c.o
[611/1779] Compiling C object libqemuutil.a.p/meson-generated_.._trace_trace-target_riscv.c.o
[612/1779] Compiling C object libqemuutil.a.p/meson-generated_.._trace_trace-target_mips_tcg.c.o
[613/1779] Compiling C object libqemuutil.a.p/meson-generated_.._trace_trace-qapi_commands_block_trace_events.c.o
[614/1779] Compiling C object libqemuutil.a.p/meson-generated_.._trace_trace-qapi_commands_authz_trace_events.c.o
[615/1779] Compiling C object libqemuutil.a.p/meson-generated_.._trace_trace-target_sparc.c.o
[616/1779] Compiling C object libqemuutil.a.p/meson-generated_.._trace_trace-qapi_commands_block_core_trace_events.c.o
[617/1779] Compiling C object libqemuutil.a.p/meson-generated_.._trace_trace-qapi_commands_dump_trace_events.c.o
[618/1779] Compiling C object libqemuutil.a.p/meson-generated_.._trace_trace-qapi_commands_common_trace_events.c.o
[619/1779] Compiling C object libqemuutil.a.p/meson-generated_.._trace_trace-target_s390x.c.o
[620/1779] Compiling C object libqemuutil.a.p/meson-generated_.._trace_trace-qapi_commands_compat_trace_events.c.o
[621/1779] Compiling C object libqemuutil.a.p/meson-generated_.._trace_trace-qapi_commands_machine_trace_events.c.o
[622/1779] Compiling C object libqemuutil.a.p/meson-generated_.._trace_trace-qapi_commands_job_trace_events.c.o
[623/1779] Compiling C object libqemuutil.a.p/meson-generated_.._trace_trace-qapi_commands_error_trace_events.c.o
[624/1779] Compiling C object libqemuutil.a.p/meson-generated_.._trace_trace-qapi_commands_machine_s390x_trace_events.c.o
[625/1779] Compiling C object libqemuutil.a.p/meson-generated_.._trace_trace-qapi_commands_net_trace_events.c.o
[626/1779] Compiling C object libqemuutil.a.p/meson-generated_.._trace_trace-qapi_commands_char_trace_events.c.o
[627/1779] Compiling C object libqemuutil.a.p/meson-generated_.._trace_trace-qapi_commands_control_trace_events.c.o
[628/1779] Compiling C object libqemuutil.a.p/meson-generated_.._trace_trace-qapi_commands_cxl_trace_events.c.o
[629/1779] Compiling C object libqemuutil.a.p/meson-generated_.._trace_trace-qapi_commands_machine_common_trace_events.c.o
[630/1779] Compiling C object libqemuutil.a.p/meson-generated_.._trace_trace-qapi_commands_block_export_trace_events.c.o
[631/1779] Compiling C object libqemuutil.a.p/meson-generated_.._trace_trace-qapi_commands_pragma_trace_events.c.o
[632/1779] Compiling C object libqemuutil.a.p/meson-generated_.._trace_trace-qapi_commands_misc_trace_events.c.o
[633/1779] Compiling C object libqemuutil.a.p/meson-generated_.._trace_trace-qapi_commands_migration_trace_events.c.o
[634/1779] Compiling C object libqemuutil.a.p/meson-generated_.._trace_trace-qapi_commands_ebpf_trace_events.c.o
[635/1779] Compiling C object libqemuutil.a.p/meson-generated_.._trace_trace-qapi_commands_crypto_trace_events.c.o
[636/1779] Compiling C object libqemuutil.a.p/meson-generated_.._trace_trace-qapi_commands_introspect_trace_events.c.o
[637/1779] Compiling C object libqemuutil.a.p/meson-generated_.._trace_trace-qapi_commands_run_state_trace_events.c.o
[638/1779] Compiling C object libqemuutil.a.p/meson-generated_.._trace_trace-qapi_commands_qom_trace_events.c.o
[639/1779] Compiling C object libqemuutil.a.p/meson-generated_.._trace_trace-qapi_commands_replay_trace_events.c.o
[640/1779] Compiling C object libqemuutil.a.p/meson-generated_.._trace_trace-qapi_commands_sockets_trace_events.c.o
[641/1779] Compiling C object libqemuutil.a.p/meson-generated_.._trace_trace-qapi_commands_trace_trace_events.c.o
[642/1779] Compiling C object libqemuutil.a.p/meson-generated_.._trace_trace-qapi_commands_yank_trace_events.c.o
[643/1779] Compiling C object libqemuutil.a.p/meson-generated_.._trace_trace-qapi_commands_transaction_trace_events.c.o
[644/1779] Compiling C object libqemuutil.a.p/meson-generated_.._trace_trace-qapi_commands_vfio_trace_events.c.o
[645/1779] Compiling C object libqemuutil.a.p/meson-generated_.._trace_trace-qapi_commands_acpi_hest_trace_events.c.o
[646/1779] Compiling C object libqemuutil.a.p/meson-generated_.._trace_trace-qapi_commands_virtio_trace_events.c.o
[647/1779] Compiling C object libqemuutil.a.p/meson-generated_.._trace_trace-qapi_commands_rocker_trace_events.c.o
[648/1779] Compiling C object libqemuutil.a.p/meson-generated_.._trace_trace-qapi_commands_cryptodev_trace_events.c.o
[649/1779] Compiling C object libqemuutil.a.p/meson-generated_.._trace_trace-qapi_commands_pci_trace_events.c.o
[650/1779] Compiling C object libqemuutil.a.p/meson-generated_.._trace_trace-qapi_commands_misc_i386_trace_events.c.o
[651/1779] Compiling C object libqemuutil.a.p/meson-generated_.._trace_trace-qapi_commands_accelerator_trace_events.c.o
[652/1779] Compiling C object libqemuutil.a.p/meson-generated_.._trace_trace-qapi_commands_acpi_trace_events.c.o
[653/1779] Compiling C object libqemuutil.a.p/meson-generated_.._trace_trace-qapi_commands_stats_trace_events.c.o
[654/1779] Compiling C object libqemuutil.a.p/meson-generated_.._trace_trace-qapi_commands_misc_arm_trace_events.c.o
[655/1779] Compiling C object libqemuutil.a.p/meson-generated_.._trace_trace-qapi_commands_audio_trace_events.c.o
[656/1779] Compiling C object libqemuutil.a.p/meson-generated_.._trace_trace-qapi_commands_uefi_trace_events.c.o
[657/1779] Compiling C object libqemuutil.a.p/meson-generated_.._trace_trace-qapi_commands_tpm_trace_events.c.o
[658/1779] Compiling C object libqemuutil.a.p/meson-generated_.._trace_trace-qapi_commands_qdev_trace_events.c.o
[659/1779] Compiling C object libqemuutil.a.p/meson-generated_.._trace_trace-qapi_commands_ui_trace_events.c.o
[660/1779] Compiling C object libqemuutil.a.p/qapi_qapi-dealloc-visitor.c.o
[661/1779] Compiling C object libqemuutil.a.p/qapi_qapi-util.c.o
[662/1779] Compiling C object libqemuutil.a.p/qapi_qapi-clone-visitor.c.o
[663/1779] Compiling C object libqemuutil.a.p/qobject_qnull.c.o
[664/1779] Compiling C object libqemuutil.a.p/qapi_qapi-forward-visitor.c.o
[665/1779] Compiling C object libqemuutil.a.p/qapi_qobject-output-visitor.c.o
[666/1779] Compiling C object libqemuutil.a.p/qapi_string-input-visitor.c.o
[667/1779] Compiling C object libqemuutil.a.p/qapi_qmp-event.c.o
[668/1779] Compiling C object libqemuutil.a.p/qobject_qstring.c.o
[669/1779] Compiling C object libqemuutil.a.p/qapi_qmp-registry.c.o
[670/1779] Compiling C object libqemuutil.a.p/qapi_opts-visitor.c.o
[671/1779] Compiling C object libqemuutil.a.p/qapi_qmp-dispatch.c.o
[672/1779] Compiling C object libqemuutil.a.p/qapi_qapi-type-helpers.c.o
[673/1779] Compiling C object libqemuutil.a.p/qobject_qbool.c.o
[674/1779] Compiling C object libqemuutil.a.p/qobject_qobject.c.o
[675/1779] Compiling C object libqemuutil.a.p/qobject_qlist.c.o
[676/1779] Compiling C object libqemuutil.a.p/qobject_qlit.c.o
[677/1779] Compiling C object libqemuutil.a.p/qapi_string-output-visitor.c.o
[678/1779] Compiling C object libqemuutil.a.p/qobject_json-lexer.c.o
[679/1779] Compiling C object libqemuutil.a.p/qobject_json-streamer.c.o
[680/1779] Compiling C object libqemuutil.a.p/qapi_qobject-input-visitor.c.o
[681/1779] Compiling C object libqemuutil.a.p/qobject_qdict.c.o
[682/1779] Compiling C object libqemuutil.a.p/util_unicode.c.o
[683/1779] Compiling C object libqemuutil.a.p/qobject_qnum.c.o
[684/1779] Compiling C object libqemuutil.a.p/qobject_qjson.c.o
[685/1779] Compiling C object libqemuutil.a.p/qapi_qapi-visit-core.c.o
[686/1779] Compiling C object libqemuutil.a.p/util_fdmon-epoll.c.o
[687/1779] Compiling C object libqemuutil.a.p/util_qemu-timer-common.c.o
[688/1779] Compiling C object libqemuutil.a.p/qobject_json-writer.c.o
[689/1779] Compiling C object libqemuutil.a.p/util_fdmon-poll.c.o
[690/1779] Compiling C object libqemuutil.a.p/util_osdep.c.o
[691/1779] Compiling C object libqemuutil.a.p/util_defer-call.c.o
[692/1779] Compiling C object libqemuutil.a.p/util_thread-context.c.o
[693/1779] Compiling C object libqemuutil.a.p/util_compatfd.c.o
[694/1779] Compiling C object libqemuutil.a.p/util_mmap-alloc.c.o
[695/1779] Compiling C object libqemuutil.a.p/util_drm.c.o
[696/1779] Compiling C object libqemuutil.a.p/util_path.c.o
[697/1779] Compiling C object libqemuutil.a.p/util_cutils.c.o
[698/1779] Compiling C object libqemuutil.a.p/util_envlist.c.o
[699/1779] Compiling C object libqemuutil.a.p/util_memfd.c.o
[700/1779] Compiling C object libqemuutil.a.p/util_event_notifier-posix.c.o
[701/1779] Compiling C object libqemuutil.a.p/qobject_block-qdict.c.o
[702/1779] Compiling C object libqemuutil.a.p/qobject_json-parser.c.o
[703/1779] Compiling C object libqemuutil.a.p/util_module.c.o
[704/1779] Compiling C object libqemuutil.a.p/util_event.c.o
[705/1779] Compiling C object libqemuutil.a.p/util_hexdump.c.o
[706/1779] Compiling C object libqemuutil.a.p/util_bitops.c.o
[707/1779] Compiling C object libqemuutil.a.p/util_qemu-thread-posix.c.o
[708/1779] Compiling C object libqemuutil.a.p/util_aio-posix.c.o
[709/1779] Compiling C object libqemuutil.a.p/util_id.c.o
[710/1779] Compiling C object libqemuutil.a.p/util_notify.c.o
[711/1779] Compiling C object libqemuutil.a.p/util_getauxval.c.o
[712/1779] Compiling C object libqemuutil.a.p/util_fdmon-io_uring.c.o
[713/1779] Compiling C object libqemuutil.a.p/util_crc32c.c.o
[714/1779] Compiling C object libqemuutil.a.p/util_oslib-posix.c.o
[715/1779] Compiling C object libqemuutil.a.p/util_qemu-progress.c.o
[716/1779] Compiling C object libqemuutil.a.p/util_fifo8.c.o
[717/1779] Compiling C object libqemuutil.a.p/util_host-utils.c.o
[718/1779] Compiling C object libqemuutil.a.p/util_uuid.c.o
[719/1779] Compiling C object libqemuutil.a.p/util_cacheflush.c.o
[720/1779] Compiling C object libqemuutil.a.p/util_bitmap.c.o
[721/1779] Compiling C object libqemuutil.a.p/util_error.c.o
[722/1779] Compiling C object libqemuutil.a.p/util_transactions.c.o
[723/1779] Compiling C object libqemuutil.a.p/util_qemu-config.c.o
[724/1779] Compiling C object libqemuutil.a.p/util_int128.c.o
[725/1779] Compiling C object libqemuutil.a.p/util_range.c.o
[726/1779] Compiling C object libqemuutil.a.p/util_error-report.c.o
[727/1779] Compiling C object libqemuutil.a.p/util_guest-random.c.o
[728/1779] Compiling C object libqemuutil.a.p/util_systemd.c.o
[729/1779] Compiling C object libqemuutil.a.p/util_log.c.o
[730/1779] Compiling C object libqemuutil.a.p/util_reserved-region.c.o
[731/1779] Compiling C object libqemuutil.a.p/util_keyval.c.o
[732/1779] Compiling C object libqemuutil.a.p/util_rcu.c.o
[733/1779] Compiling C object libqemuutil.a.p/util_aiocb.c.o
[734/1779] Compiling C object libqemuutil.a.p/util_memalign.c.o
[735/1779] Compiling C object libqemuutil.a.p/util_crc-ccitt.c.o
[736/1779] Compiling C object libqemuutil.a.p/util_interval-tree.c.o
[737/1779] Compiling C object libqemuutil.a.p/util_qemu-print.c.o
[738/1779] Compiling C object libqemuutil.a.p/util_base64.c.o
[739/1779] Compiling C object libqemuutil.a.p/util_userfaultfd.c.o
[740/1779] Compiling C object libqemuutil.a.p/util_aio-wait.c.o
[741/1779] Compiling C object libqemuutil.a.p/util_dbus.c.o
[742/1779] Compiling C object libqemuutil.a.p/util_qemu-coroutine.c.o
[743/1779] Compiling C object libqemuutil.a.p/util_qdist.c.o
[744/1779] Compiling C object libqemuutil.a.p/util_qht.c.o
[745/1779] Compiling C object libqemuutil.a.p/util_lockcnt.c.o
[746/1779] Compiling C object libqemuutil.a.p/util_qemu-coroutine-io.c.o
[747/1779] Compiling C object libqemuutil.a.p/util_coroutine-ucontext.c.o
[748/1779] Compiling C object libqemuutil.a.p/util_async.c.o
[749/1779] Compiling C object libqemuutil.a.p/util_qsp.c.o
[750/1779] Compiling C object libqemuutil.a.p/util_qemu-coroutine-lock.c.o
[751/1779] Compiling C object libqemuutil.a.p/util_buffer.c.o
[752/1779] Compiling C object libqemuutil.a.p/util_iova-tree.c.o
[753/1779] Compiling C object libqemuutil.a.p/util_qemu-co-shared-resource.c.o
[754/1779] Compiling C object libqemuutil.a.p/util_nvdimm-utils.c.o
[755/1779] Compiling C object libqemuutil.a.p/util_block-helpers.c.o
[756/1779] Compiling C object libqemuutil.a.p/util_thread-pool.c.o
[757/1779] Compiling C object libqemuutil.a.p/util_qemu-coroutine-sleep.c.o
[758/1779] Compiling C object libqemuutil.a.p/util_main-loop.c.o
[759/1779] Compiling C object libqemuutil.a.p/util_hbitmap.c.o
[760/1779] Compiling C object libqemuutil.a.p/util_qemu-co-timeout.c.o
[761/1779] Compiling C object libqemuutil.a.p/util_qemu-option.c.o
[762/1779] Compiling C object libqemuutil.a.p/util_qemu-timer.c.o
[763/1779] Compiling C object libqemuutil.a.p/util_timed-average.c.o
[764/1779] Compiling C object libqemuutil.a.p/crypto_random-gnutls.c.o
[765/1779] Compiling C object libqemuutil.a.p/crypto_init.c.o
[766/1779] Compiling C object libqemuutil.a.p/util_cpuinfo-i386.c.o
[767/1779] Compiling C object libqemuutil.a.p/util_yank.c.o
[768/1779] Compiling C object libqemuutil.a.p/util_chardev_open.c.o
[769/1779] Compiling C object libqemuutil.a.p/stubs_cpu-get-clock.c.o
[770/1779] Compiling C object libqemuutil.a.p/util_readline.c.o
[771/1779] Compiling C object libqemuutil.a.p/util_iov.c.o
[772/1779] Compiling C object libqemuutil.a.p/util_qemu-sockets.c.o
[773/1779] Compiling C object libqemuutil.a.p/stubs_is-daemonized.c.o
[774/1779] Compiling C object libqemuutil.a.p/crypto_sm4.c.o
[775/1779] Compiling C object libqemuutil.a.p/stubs_iothread-lock.c.o
[776/1779] Compiling C object libqemuutil.a.p/trace_control.c.o
[777/1779] Compiling C object libqemuutil.a.p/trace_qmp.c.o
[778/1779] Compiling C object libqemuutil.a.p/util_filemonitor-inotify.c.o
[779/1779] Compiling C object libqemuutil.a.p/stubs_monitor-core.c.o
[780/1779] Compiling C object libqemuutil.a.p/stubs_trace-control.c.o
[781/1779] Compiling C object libqemuutil.a.p/stubs_change-state-handler.c.o
[782/1779] Compiling C object libqemuutil.a.p/util_vhost-user-server.c.o
[783/1779] Compiling C object libqemuutil.a.p/util_throttle.c.o
[784/1779] Compiling C object libqemuutil.a.p/stubs_runstate-check.c.o
[785/1779] Compiling C object libqemuutil.a.p/stubs_blk-exp-close-all.c.o
[786/1779] Compiling C object libqemuutil.a.p/stubs_blk-commit-all.c.o
[787/1779] Compiling C object libqemuutil.a.p/stubs_fdset.c.o
[788/1779] Compiling C object libqemuutil.a.p/stubs_ram-block.c.o
[789/1779] Compiling C object libqemuutil.a.p/stubs_get-vm-name.c.o
[790/1779] Compiling C object libqemuutil.a.p/stubs_migr-blocker.c.o
[791/1779] Compiling C object libqemuutil.a.p/stubs_iothread-lock-block.c.o
[792/1779] Compiling C object libqemuutil.a.p/stubs_bdrv-next-monitor-owned.c.o
[793/1779] Compiling C object libqemuutil.a.p/stubs_replay-mode.c.o
[794/1779] Compiling C object libqemuutil.a.p/util_vfio-helpers.c.o
[795/1779] Compiling C object libqemuutil.a.p/stubs_qemu-timer-notify-cb.c.o
[796/1779] Compiling C object libqemuutil.a.p/stubs_cpus-virtual-clock.c.o
[797/1779] Compiling C object libqemuutil.a.p/stubs_graph-lock.c.o
[798/1779] Compiling C object libqemuutil.a.p/stubs_blockdev-close-all-bdrv-states.c.o
[799/1779] Compiling C object libqemuutil.a.p/crypto_clmul.c.o
[800/1779] Compiling C object libqemuutil.a.p/stubs_monitor-internal.c.o
[801/1779] Compiling C object libqemuutil.a.p/stubs_linux-aio.c.o
[802/1779] Compiling C object libqemuutil.a.p/stubs_physmem.c.o
[803/1779] Compiling C object libqemuutil.a.p/stubs_uuid.c.o
[804/1779] Compiling C object libqemuutil.a.p/stubs_kvm.c.o
[805/1779] Compiling C object libqemuutil.a.p/stubs_vmstate.c.o
[806/1779] Compiling C object libqemuutil.a.p/stubs_dump.c.o
[807/1779] Compiling C object libqemuutil.a.p/stubs_vm-stop.c.o
[808/1779] Compiling C object libqemuutil.a.p/stubs_target-get-monitor-def.c.o
[809/1779] Compiling C object libqemuutil.a.p/stubs_qmp-command-available.c.o
[810/1779] Compiling C object libqemuutil.a.p/stubs_cpus-queue.c.o
[811/1779] Compiling C object libqemuutil.a.p/stubs_replay-tools.c.o
[812/1779] Compiling C object libqemuutil.a.p/stubs_target-monitor-defs.c.o
[813/1779] Compiling C object libqemuutil.a.p/stubs_async-run-on-cpu.c.o
[814/1779] Compiling C object libqemuutil.a.p/stubs_qtest.c.o
[815/1779] Compiling C object libqemuutil.a.p/stubs_monitor-i386-rtc.c.o
[816/1779] Compiling C object libqemuutil.a.p/stubs_monitor-i386-sgx.c.o
[817/1779] Compiling C object libqemuutil.a.p/stubs_win32-kbd-hook.c.o
[818/1779] Compiling C object libqemuutil.a.p/stubs_fw_cfg.c.o
[819/1779] Compiling C object libqemuutil.a.p/stubs_monitor-arm-gic.c.o
[820/1779] Compiling C object libqemuutil.a.p/stubs_qmp-quit.c.o
[821/1779] Compiling C object libqemuutil.a.p/stubs_icount.c.o
[822/1779] Compiling C object libqemuutil.a.p/semihosting_stubs-system.c.o
[823/1779] Compiling C object libqemuutil.a.p/util_bufferiszero.c.o
[824/1779] Compiling C object libqemuutil.a.p/stubs_replay.c.o
[825/1779] Compiling C object libqemuutil.a.p/stubs_monitor-i386-xen.c.o
[826/1779] Compiling C object libqemuutil.a.p/stubs_cmos.c.o
[827/1779] Compiling C object libqemuutil.a.p/stubs_hotplug-stubs.c.o
[828/1779] Compiling C object libqemuutil.a.p/semihosting_arm-compat-semi-stub.c.o
[829/1779] Compiling C object libqemuutil.a.p/stubs_monitor-cpu.c.o
[830/1779] Compiling C object libqemuutil.a.p/stubs_monitor-i386-sev.c.o
[831/1779] Compiling C object libqemuutil.a.p/accel_stubs_nvmm-stub.c.o
[832/1779] Compiling C object libqemuutil.a.p/semihosting_stubs-all.c.o
[833/1779] Compiling C object libqemuutil.a.p/stubs_monitor-cpu-s390x-kvm.c.o
[834/1779] Compiling C object libqemuutil.a.p/stubs_sysbus.c.o
[835/1779] Compiling C object libqemuutil.a.p/accel_stubs_nitro-stub.c.o
[836/1779] Compiling C object libqemuutil.a.p/stubs_monitor-cpu-s390x.c.o
[837/1779] Compiling C object libqemuutil.a.p/crypto_aes.c.o
[838/1779] Compiling C object libqemuutil.a.p/fsdev_qemu-fsdev-dummy.c.o
[839/1779] Compiling C object libqemuutil.a.p/accel_stubs_tcg-stub.c.o
[840/1779] Compiling C object libqemuutil.a.p/accel_stubs_hvf-stub.c.o
[841/1779] Compiling C object libqemuutil.a.p/accel_stubs_xen-stub.c.o
[842/1779] Compiling C object libqemuutil.a.p/accel_stubs_kvm-stub.c.o
[843/1779] Compiling C object libqemuutil.a.p/accel_stubs_whpx-stub.c.o
[844/1779] Compiling C object libqemuutil.a.p/hw_acpi_acpi-mem-hotplug-stub.c.o
[845/1779] Compiling C object libqemuutil.a.p/stubs_xen-hw-stub.c.o
[846/1779] Compiling C object libqemuutil.a.p/hw_acpi_ipmi-stub.c.o
[847/1779] Compiling C object libqemuutil.a.p/hw_acpi_acpi-pci-hotplug-stub.c.o
[848/1779] Compiling C object libqemuutil.a.p/hw_acpi_acpi-x86-stub.c.o
[849/1779] Compiling C object libqemuutil.a.p/hw_acpi_ghes_cper_stub.c.o
[850/1779] Compiling C object libqemuutil.a.p/hw_acpi_ghes-stub.c.o
[851/1779] Compiling C object libqemuutil.a.p/hw_acpi_acpi-nvdimm-stub.c.o
[852/1779] Compiling C object libqemuutil.a.p/hw_acpi_acpi-stub.c.o
[853/1779] Compiling C object libqemuutil.a.p/hw_i386_kvm_xen-stubs.c.o
[854/1779] Compiling C object libqemuutil.a.p/hw_s390x_s390-pci-vfio-stubs.c.o
[855/1779] Compiling C object libqemuutil.a.p/hw_acpi_acpi-cpu-hotplug-stub.c.o
[856/1779] Compiling C object libqemuutil.a.p/hw_acpi_cxl-stub.c.o
[857/1779] Compiling C object libqemuutil.a.p/hw_acpi_pci-bridge-stub.c.o
[858/1779] Compiling C object libqemuutil.a.p/hw_display_ramfb-stubs.c.o
[859/1779] Compiling C object libqemuutil.a.p/hw_acpi_aml-build-stub.c.o
[860/1779] Compiling C object libqemuutil.a.p/hw_display_acpi-vga-stub.c.o
[861/1779] Compiling C object libqemuutil.a.p/hw_mem_cxl_type3_stubs.c.o
[862/1779] Compiling C object libqemuutil.a.p/hw_virtio_virtio-stub.c.o
[863/1779] Compiling C object libqemuutil.a.p/hw_smbios_smbios_legacy_stub.c.o
[864/1779] Compiling C object libqemuutil.a.p/hw_net_rocker_rocker-stubs.c.o
[865/1779] Compiling C object libqemuutil.a.p/hw_smbios_smbios-stub.c.o
[866/1779] Compiling C object libqemuutil.a.p/hw_smbios_smbios_type_38-stub.c.o
[867/1779] Compiling C object libqemuutil.a.p/hw_virtio_virtio-md-stubs.c.o
[868/1779] Compiling C object libqemuutil.a.p/hw_cxl_cxl-host-stubs.c.o
[869/1779] Compiling C object libqemuutil.a.p/accel_stubs_mshv-stub.c.o
[870/1779] Compiling C object libqom.a.p/qom_qom-qobject.c.o
[871/1779] Compiling C object libqemuutil.a.p/hw_mem_memory-device-stubs.c.o
[872/1779] Compiling C object libqemuutil.a.p/hw_usb_bus-stub.c.o
[873/1779] Compiling C object libcrypto.a.p/crypto_akcipher.c.o
[874/1779] Compiling C object libqemuutil.a.p/hw_pci_pci-stub.c.o
[875/1779] Compiling C object libqemuutil.a.p/hw_virtio_vhost-stub.c.o
[876/1779] Compiling C object libqom.a.p/qom_container.c.o
[877/1779] Compiling C object libcrypto.a.p/crypto_afsplit.c.o
[878/1779] Compiling C object libauthz.a.p/authz_base.c.o
[879/1779] Compiling C object libcrypto.a.p/crypto_hmac.c.o
[880/1779] Compiling C object libauthz.a.p/authz_listfile.c.o
[881/1779] Compiling C object libqom.a.p/qom_object_interfaces.c.o
[882/1779] Compiling C object libauthz.a.p/authz_list.c.o
[883/1779] Compiling C object libcrypto.a.p/crypto_block-qcow.c.o
[884/1779] Compiling C object libevent-loop-base.a.p/event-loop-base.c.o
[885/1779] Compiling C object libcrypto.a.p/crypto_ivgen.c.o
[886/1779] Compiling C object libcrypto.a.p/crypto_pbkdf.c.o
[887/1779] Compiling C object libcrypto.a.p/crypto_block.c.o
[888/1779] Compiling C object libcrypto.a.p/crypto_hash.c.o
[889/1779] Compiling C object libauthz.a.p/authz_simple.c.o
[890/1779] Compiling C object libcrypto.a.p/crypto_ivgen-essiv.c.o
[891/1779] Compiling C object libcrypto.a.p/crypto_ivgen-plain.c.o
[892/1779] Compiling C object libcrypto.a.p/crypto_der.c.o
[893/1779] Compiling C object libcrypto.a.p/crypto_tlscredsbox.c.o
[894/1779] Compiling C object libcrypto.a.p/crypto_ivgen-plain64.c.o
[895/1779] Compiling C object libcrypto.a.p/crypto_cipher.c.o
[896/1779] Compiling C object libcrypto.a.p/crypto_secret.c.o
[897/1779] Linking static target libqemuutil.a
[898/1779] Compiling C object libcrypto.a.p/crypto_hmac-gnutls.c.o
[899/1779] Compiling C object libcrypto.a.p/crypto_x509-utils.c.o
[900/1779] Compiling C object libcrypto.a.p/crypto_tlscreds.c.o
[901/1779] Compiling C object libcrypto.a.p/crypto_pbkdf-gnutls.c.o
[902/1779] Compiling C object libcrypto.a.p/crypto_tlscredsanon.c.o
[903/1779] Compiling C object libcrypto.a.p/crypto_rsakey.c.o
[904/1779] Compiling C object libcrypto.a.p/crypto_tlscredspsk.c.o
[905/1779] Generating qemu.syms with a custom command (wrapped by meson to capture output)
[906/1779] Compiling C object libcrypto.a.p/crypto_hash-gnutls.c.o
[907/1779] Compiling C object libcrypto.a.p/crypto_block-luks.c.o
[908/1779] Compiling C object libcrypto.a.p/crypto_secret_common.c.o
[909/1779] Compiling C object libio.a.p/io_channel-buffer.c.o
[910/1779] Generating block.syms with a custom command (wrapped by meson to capture output)
[911/1779] Compiling C object libio.a.p/io_channel-util.c.o
[912/1779] Compiling C object libio.a.p/io_channel-command.c.o
[913/1779] Compiling C object libcrypto.a.p/crypto_tlssession.c.o
[914/1779] Compiling C object libcrypto.a.p/crypto_secret_keyring.c.o
[915/1779] Compiling C object libio.a.p/io_channel-null.c.o
[916/1779] Compiling C object libio.a.p/io_task.c.o
[917/1779] Compiling C object libcrypto.a.p/crypto_tlscredsx509.c.o
[918/1779] Compiling C object libio.a.p/io_channel-watch.c.o
[919/1779] Compiling C object libio.a.p/io_channel-file.c.o
[920/1779] Compiling C object libio.a.p/io_channel-tls.c.o
[921/1779] Compiling C object libio.a.p/io_channel-socket.c.o
[922/1779] Compiling C object libmigration.a.p/migration_yank_functions.c.o
[923/1779] Compiling C object libio.a.p/io_channel.c.o
[924/1779] Compiling C object libio.a.p/io_net-listener.c.o
[925/1779] Compiling C object libio.a.p/io_dns-resolver.c.o
[926/1779] Compiling C object libmigration.a.p/migration_migration-stats.c.o
[927/1779] Compiling C object libqom.a.p/qom_object.c.o
[928/1779] Compiling C object libmigration.a.p/migration_page_cache.c.o
[929/1779] Compiling C object libmigration.a.p/migration_vmstate-types.c.o
[930/1779] Compiling C object libblock.a.p/replication.c.o
[931/1779] Compiling C object libblock.a.p/scsi_pr-manager.c.o
[932/1779] Compiling C object libio.a.p/io_channel-websock.c.o
[933/1779] Compiling C object libblock.a.p/blockjob.c.o
[934/1779] Compiling C object libblock.a.p/nbd_common.c.o
[935/1779] Compiling C object libmigration.a.p/migration_qemu-file.c.o
[936/1779] Compiling C object libmigration.a.p/migration_vmstate.c.o
[937/1779] Compiling C object libblock.a.p/block_aio_task.c.o
[938/1779] Compiling C object libmigration.a.p/migration_xbzrle.c.o
[939/1779] Compiling C object libblock.a.p/nbd_client-connection.c.o
[940/1779] Compiling C object libblock.a.p/block_amend.c.o
[941/1779] Compiling C object libblock.a.p/scsi_utils.c.o
[942/1779] Compiling C object libblock.a.p/scsi_pr-manager-helper.c.o
[943/1779] Compiling C object libblock.a.p/block_blkverify.c.o
[944/1779] Compiling C object libblock.a.p/block_accounting.c.o
[945/1779] Compiling C object libblock.a.p/block_backup.c.o
[946/1779] Compiling C object libblock.a.p/block_create.c.o
[947/1779] Compiling C object libblock.a.p/block_copy-on-read.c.o
[948/1779] Compiling C object libblock.a.p/block_filter-compress.c.o
[949/1779] Compiling C object libblock.a.p/block_blklogwrites.c.o
[950/1779] Compiling C object libblock.a.p/block_commit.c.o
[951/1779] Compiling C object libblock.a.p/block_copy-before-write.c.o
[952/1779] Compiling C object libblock.a.p/job.c.o
[953/1779] Compiling C object libblock.a.p/block_dirty-bitmap.c.o
[954/1779] Compiling C object libblock.a.p/nbd_client.c.o
[955/1779] Compiling C object libblock.a.p/block_blkdebug.c.o
[956/1779] Compiling C object libblock.a.p/block_progress_meter.c.o
[957/1779] Compiling C object libblock.a.p/meson-generated_.._block_block-gen.c.o
[958/1779] Compiling C object libblock.a.p/block_block-copy.c.o
[959/1779] Compiling C object libblock.a.p/block_graph-lock.c.o
[960/1779] Compiling C object libblock.a.p/block_crypto.c.o
[961/1779] Compiling C object libblock.a.p/qemu-io-cmds.c.o
[962/1779] Compiling C object libblock.a.p/block_reqlist.c.o
[963/1779] Compiling C object libblock.a.p/block_preallocate.c.o
[964/1779] Compiling C object libblock.a.p/block_null.c.o
[965/1779] Compiling C object libblock.a.p/block_qcow2-threads.c.o
[966/1779] Compiling C object libblock.a.p/block_snapshot-access.c.o
[967/1779] Compiling C object libblock.a.p/block_qcow2-snapshot.c.o
[968/1779] Compiling C object libblock.a.p/block_throttle.c.o
[969/1779] Compiling C object libblock.a.p/block_qcow2-cache.c.o
[970/1779] Compiling C object libblock.a.p/block_quorum.c.o
[971/1779] Compiling C object libblock.a.p/block_mirror.c.o
[972/1779] Compiling C object libblock.a.p/block_write-threshold.c.o
[973/1779] Compiling C object libblock.a.p/block_snapshot.c.o
[974/1779] Compiling C object libblock.a.p/block_qapi.c.o
[975/1779] Compiling C object libblock.a.p/block_vdi.c.o
[976/1779] Compiling C object libblock.a.p/block_nbd.c.o
[977/1779] Compiling C object libblock.a.p/block_throttle-groups.c.o
[978/1779] Compiling C object libblock.a.p/block_block-backend.c.o
[979/1779] Compiling C object libblock.a.p/block_raw-format.c.o
[980/1779] Compiling C object libblock.a.p/block_qcow2-bitmap.c.o
[981/1779] Compiling C object libblock.a.p/block_vhdx-log.c.o
[982/1779] Compiling C object libblock.a.p/block_bochs.c.o
[983/1779] Compiling C object libblock.a.p/block_vhdx-endian.c.o
[984/1779] Compiling C object libblock.a.p/block_cloop.c.o
[985/1779] Compiling C object libblock.a.p/block_qcow.c.o
[986/1779] Compiling C object libblock.a.p/block_qcow2-cluster.c.o
[987/1779] Compiling C object libblock.a.p/block_qed-table.c.o
[988/1779] Compiling C object libblock.a.p/block_qed-l2-cache.c.o
[989/1779] Compiling C object libblock.a.p/block_qed-cluster.c.o
[990/1779] Compiling C object libblock.a.p/block_io.c.o
[991/1779] Compiling C object libblock.a.p/block_qed-check.c.o
[992/1779] Compiling C object libblock.a.p/block_iscsi-opts.c.o
[993/1779] Compiling C object libblock.a.p/block_dmg.c.o
[994/1779] Compiling C object libblock.a.p/block_vpc.c.o
[995/1779] Compiling C object libblock.a.p/block_vhdx.c.o
[996/1779] Compiling C object libblock.a.p/block_io_uring.c.o
[997/1779] Compiling C object libblock.a.p/block_parallels-ext.c.o
[998/1779] Compiling C object libblock.a.p/block_linux-aio.c.o
[999/1779] Compiling C object libblock.a.p/block_qed.c.o
[1000/1779] Compiling C object libblock.a.p/block_parallels.c.o
[1001/1779] Compiling C object libblock.a.p/block_replication.c.o
[1002/1779] Compiling C object libblock.a.p/block_stream.c.o
[1003/1779] Compiling C object libblock.a.p/block_monitor_bitmap-qmp-cmds.c.o
[1004/1779] Compiling C object libblock.a.p/block_dmg-bz2.c.o
[1005/1779] Compiling C object libblock.a.p/block_vmdk.c.o
[1006/1779] Compiling C object libblock.a.p/block.c.o
[1007/1779] Compiling C object libblock.a.p/block_qcow2-refcount.c.o
[1008/1779] Compiling C object libblockdev.a.p/block_export_virtio-blk-handler.c.o
[1009/1779] Compiling C object libblockdev.a.p/block_export_vduse-blk.c.o
[1010/1779] Compiling C object libblockdev.a.p/blockdev-nbd.c.o
[1011/1779] Compiling C object libblockdev.a.p/block_export_export.c.o
[1012/1779] Compiling C object libblockdev.a.p/block_export_vhost-user-blk-server.c.o
[1013/1779] Compiling C object libblock.a.p/block_curl.c.o
[1014/1779] Compiling C object libblockdev.a.p/iothread.c.o
[1015/1779] Compiling C object libblockdev.a.p/os-posix.c.o
[1016/1779] Compiling C object libblockdev.a.p/job-qmp.c.o
[1017/1779] Compiling C object libblock.a.p/block_nvme.c.o
[1018/1779] Compiling C object libblockdev.a.p/block_export_fuse.c.o
[1019/1779] Compiling C object libchardev.a.p/chardev_char-file.c.o
[1020/1779] Compiling C object libqmp.a.p/monitor_qmp.c.o
[1021/1779] Compiling C object libchardev.a.p/chardev_char-fe.c.o
[1022/1779] Compiling C object libblock.a.p/block_qcow2.c.o
[1023/1779] Compiling C object libqmp.a.p/monitor_monitor.c.o
[1024/1779] Compiling C object libqmp.a.p/qom_qom-qmp-cmds.c.o
[1025/1779] Compiling C object libchardev.a.p/chardev_char-null.c.o
[1026/1779] Compiling C object libqmp.a.p/monitor_qmp-cmds-control.c.o
[1027/1779] Compiling C object libchardev.a.p/chardev_char-ringbuf.c.o
[1028/1779] Compiling C object libchardev.a.p/chardev_char-hub.c.o
[1029/1779] Compiling C object libchardev.a.p/chardev_char-io.c.o
[1030/1779] Compiling C object libchardev.a.p/chardev_char-pipe.c.o
[1031/1779] Compiling C object libblock.a.p/block_rbd.c.o
[1032/1779] Compiling C object libchardev.a.p/chardev_char-stdio.c.o
[1033/1779] Compiling C object libchardev.a.p/chardev_char-udp.c.o
[1034/1779] Compiling C object libchardev.a.p/chardev_char-mux.c.o
[1035/1779] Compiling C object libchardev.a.p/chardev_char-serial.c.o
[1036/1779] Compiling C object libchardev.a.p/chardev_char-fd.c.o
[1037/1779] Compiling C object libhwcore.a.p/hw_core_gpio.c.o
[1038/1779] Compiling C object libchardev.a.p/chardev_char-pty.c.o
[1039/1779] Compiling C object libblock.a.p/block_file-posix.c.o
[1040/1779] Compiling C object libhwcore.a.p/hw_core_resetcontainer.c.o
[1041/1779] Compiling C object libhwcore.a.p/hw_core_vmstate-if.c.o
[1042/1779] Compiling C object libhwcore.a.p/hw_core_resettable.c.o
[1043/1779] Compiling C object libchardev.a.p/chardev_char-parallel.c.o
[1044/1779] Compiling C object libblock.a.p/block_iscsi.c.o
[1045/1779] Compiling C object libhwcore.a.p/hw_core_bus.c.o
[1046/1779] Compiling C object libhwcore.a.p/hw_core_clock.c.o
[1047/1779] Compiling C object libhwcore.a.p/hw_core_irq.c.o
[1048/1779] Compiling C object libhwcore.a.p/hw_core_qdev.c.o
[1049/1779] Compiling C object libblockdev.a.p/blockdev.c.o
[1050/1779] Compiling C object libhwcore.a.p/hw_core_qdev-clock.c.o
[1051/1779] Compiling C object libblockdev.a.p/nbd_server.c.o
[1052/1779] Compiling C object libqemuaudio.a.p/audio_wavaudio.c.o
[1053/1779] Compiling C object libqemuaudio.a.p/audio_noaudio.c.o
[1054/1779] Compiling C object libchardev.a.p/chardev_char.c.o
[1055/1779] Compiling C object libhwcore.a.p/hw_core_qdev-properties.c.o
[1056/1779] Compiling C object libchardev.a.p/chardev_char-socket.c.o
[1057/1779] Compiling C object libsystem.a.p/trace_control-target.c.o
[1058/1779] Compiling C object libqemuaudio.a.p/audio_audio-be.c.o
[1059/1779] Compiling C object libblock.a.p/block_vvfat.c.o
[1060/1779] Compiling C object libqemuaudio.a.p/audio_ossaudio.c.o
[1061/1779] Compiling C object libqemuaudio.a.p/audio_audio.c.o
[1062/1779] Compiling C object libqemuaudio.a.p/audio_sndioaudio.c.o
[1063/1779] Compiling C object libsystem.a.p/qom_qom-hmp-cmds.c.o
[1064/1779] Compiling C object libsystem.a.p/trace_trace-hmp-cmds.c.o
[1065/1779] Compiling C object libqemuaudio.a.p/audio_paaudio.c.o
[1066/1779] Compiling C object libqemuaudio.a.p/audio_mixeng.c.o
[1067/1779] Compiling C object libqemuaudio.a.p/audio_spiceaudio.c.o
[1068/1779] Compiling C object libsystem.a.p/ui_input-legacy.c.o
[1069/1779] Compiling C object libsystem.a.p/ui_dmabuf.c.o
[1070/1779] Compiling C object libqemuaudio.a.p/audio_dbusaudio.c.o
[1071/1779] Compiling C object libsystem.a.p/ui_input-keymap.c.o
[1072/1779] Compiling C object libsystem.a.p/ui_cursor.c.o
[1073/1779] Compiling C object libqemuaudio.a.p/audio_alsaaudio.c.o
[1074/1779] Compiling C object libsystem.a.p/ui_clipboard.c.o
[1075/1779] Compiling C object libsystem.a.p/crypto_tls-cipher-suites.c.o
[1076/1779] Compiling C object libsystem.a.p/ui_kbd-state.c.o
[1077/1779] Compiling C object libsystem.a.p/ui_input-barrier.c.o
[1078/1779] Compiling C object libsystem.a.p/ui_qemu-pixman.c.o
[1079/1779] Compiling C object libsystem.a.p/ui_dbus-module.c.o
[1080/1779] Compiling C object libsystem.a.p/ui_keymaps.c.o
[1081/1779] Compiling C object libsystem.a.p/ui_spice-module.c.o
[1082/1779] Compiling C object libsystem.a.p/ui_udmabuf.c.o
[1083/1779] Compiling C object libqemuaudio.a.p/audio_sdlaudio.c.o
[1084/1779] Compiling C object libsystem.a.p/ui_ui-hmp-cmds.c.o
[1085/1779] Compiling C object libsystem.a.p/ui_util.c.o
[1086/1779] Compiling C object libsystem.a.p/ui_input.c.o
[1087/1779] Compiling C object libqemuaudio.a.p/audio_audio-mixeng-be.c.o
[1088/1779] Compiling C object libsystem.a.p/ui_input-linux.c.o
[1089/1779] Compiling C object libsystem.a.p/ui_ui-qmp-cmds.c.o
[1090/1779] Compiling C object libsystem.a.p/ui_vdagent.c.o
[1091/1779] Compiling C object libsystem.a.p/ui_console-vc.c.o
[1092/1779] Compiling C object libsystem.a.p/ui_vnc-palette.c.o
[1093/1779] Compiling C object libsystem.a.p/ui_vnc-enc-zlib.c.o
[1094/1779] Compiling C object libsystem.a.p/ui_vnc-ws.c.o
[1095/1779] Compiling C object libsystem.a.p/audio_wavcapture.c.o
[1096/1779] Compiling C object libsystem.a.p/chardev_msmouse.c.o
[1097/1779] Compiling C object libsystem.a.p/ui_console.c.o
[1098/1779] Compiling C object libsystem.a.p/fsdev_qemu-fsdev-opts.c.o
[1099/1779] Compiling C object libsystem.a.p/ui_vnc-enc-hextile.c.o
[1100/1779] Compiling C object libsystem.a.p/ui_vnc-auth-vencrypt.c.o
[1101/1779] Compiling C object libsystem.a.p/fsdev_9p-marshal.c.o
[1102/1779] Compiling C object libsystem.a.p/ui_vnc-jobs.c.o
[1103/1779] Compiling C object libsystem.a.p/fsdev_qemu-fsdev-throttle.c.o
[1104/1779] Compiling C object libsystem.a.p/audio_audio-hmp-cmds.c.o
[1105/1779] Compiling C object libsystem.a.p/chardev_testdev.c.o
[1106/1779] Compiling C object libsystem.a.p/fsdev_9p-iov-marshal.c.o
[1107/1779] Compiling C object libsystem.a.p/chardev_char-hmp-cmds.c.o
[1108/1779] Compiling C object libsystem.a.p/ui_vnc-clipboard.c.o
[1109/1779] Compiling C object libsystem.a.p/chardev_wctablet.c.o
[1110/1779] Compiling C object libsystem.a.p/accel_accel-qmp.c.o
[1111/1779] Compiling C object libsystem.a.p/accel_tcg_cpu-exec-common.c.o
[1112/1779] Compiling C object libsystem.a.p/fsdev_qemu-fsdev.c.o
[1113/1779] Compiling C object libsystem.a.p/ui_vnc-auth-sasl.c.o
[1114/1779] Compiling C object libsystem.a.p/dump_win_dump-stubs.c.o
[1115/1779] Compiling C object libsystem.a.p/accel_accel-system.c.o
[1116/1779] Compiling C object libsystem.a.p/accel_accel-irq.c.o
[1117/1779] Compiling C object libsystem.a.p/accel_accel-blocker.c.o
[1118/1779] Compiling C object libsystem.a.p/ui_vnc-enc-tight.c.o
[1119/1779] Compiling C object libsystem.a.p/accel_tcg_tcg-all.c.o
[1120/1779] Compiling C object libsystem.a.p/dump_dump.c.o
[1121/1779] Compiling C object libsystem.a.p/accel_tcg_translate-all.c.o
[1122/1779] Compiling C object libsystem.a.p/accel_tcg_tcg-stats.c.o
[1123/1779] Compiling C object libsystem.a.p/accel_tcg_tcg-accel-ops-icount.c.o
[1124/1779] Compiling C object libsystem.a.p/accel_tcg_tb-maint.c.o
[1125/1779] Compiling C object libsystem.a.p/dump_dump-hmp-cmds.c.o
[1126/1779] Compiling C object libsystem.a.p/accel_tcg_monitor.c.o
[1127/1779] Compiling C object libsystem.a.p/accel_tcg_tcg-runtime.c.o
[1128/1779] Compiling C object libsystem.a.p/accel_tcg_plugin-gen.c.o
[1129/1779] Compiling C object libsystem.a.p/accel_tcg_icount-common.c.o
[1130/1779] Compiling C object libsystem.a.p/accel_tcg_tcg-accel-ops-mttcg.c.o
[1131/1779] Compiling C object libsystem.a.p/accel_tcg_tcg-accel-ops.c.o
[1132/1779] Compiling C object libsystem.a.p/accel_dummy-cpus.c.o
[1133/1779] Compiling C object libqemuaudio.a.p/audio_pwaudio.c.o
[1134/1779] Compiling C object libsystem.a.p/hw_9pfs_9p-util-generic.c.o
[1135/1779] Compiling C object libsystem.a.p/hw_9pfs_9p-posix-acl.c.o
[1136/1779] Compiling C object libsystem.a.p/accel_tcg_cpu-exec.c.o
[1137/1779] Compiling C object libsystem.a.p/accel_tcg_translator.c.o
[1138/1779] Compiling C object libsystem.a.p/accel_tcg_watchpoint.c.o
[1139/1779] Compiling C object libsystem.a.p/accel_tcg_tcg-accel-ops-rr.c.o
[1140/1779] Compiling C object libsystem.a.p/hw_9pfs_9p-synth.c.o
[1141/1779] Compiling C object libsystem.a.p/hw_9pfs_9p-util-linux.c.o
[1142/1779] Compiling C object libsystem.a.p/hw_9pfs_cofs.c.o
[1143/1779] Compiling C object libsystem.a.p/hw_9pfs_9p-xattr-user.c.o
[1144/1779] Compiling C object libsystem.a.p/hw_9pfs_cofile.c.o
[1145/1779] Compiling C object libsystem.a.p/hw_9pfs_coth.c.o
[1146/1779] Compiling C object libsystem.a.p/hw_9pfs_codir.c.o
[1147/1779] Compiling C object libsystem.a.p/hw_9pfs_9p-xattr.c.o
[1148/1779] Compiling C object libsystem.a.p/hw_9pfs_coxattr.c.o
[1149/1779] Compiling C object libsystem.a.p/hw_acpi_acpi_interface.c.o
[1150/1779] Compiling C object libsystem.a.p/hw_9pfs_9p-local.c.o
[1151/1779] Compiling C object libsystem.a.p/hw_acpi_tpm.c.o
[1152/1779] Compiling C object libsystem.a.p/hw_acpi_utils.c.o
[1153/1779] Compiling C object libsystem.a.p/hw_9pfs_virtio-9p-device.c.o
[1154/1779] Compiling C object libsystem.a.p/hw_audio_model.c.o
[1155/1779] Compiling C object libsystem.a.p/hw_acpi_bios-linker-loader.c.o
[1156/1779] Compiling C object libsystem.a.p/hw_acpi_acpi-qmp-cmds.c.o
[1157/1779] Compiling C object libsystem.a.p/hw_audio_gusemu_hal.c.o
[1158/1779] Compiling C object libsystem.a.p/hw_audio_gusemu_mixer.c.o
[1159/1779] Compiling C object libsystem.a.p/ui_vnc.c.o
[1160/1779] Compiling C object libsystem.a.p/hw_acpi_erst.c.o
[1161/1779] Compiling C object libsystem.a.p/hw_audio_adlib.c.o
[1162/1779] Compiling C object libsystem.a.p/hw_audio_cs4231a.c.o
[1163/1779] Compiling C object libsystem.a.p/hw_audio_ac97.c.o
[1164/1779] Compiling C object libsystem.a.p/hw_acpi_core.c.o
[1165/1779] Compiling C object libsystem.a.p/hw_audio_fmopl.c.o
[1166/1779] Compiling C object libsystem.a.p/hw_audio_gus.c.o
[1167/1779] Compiling C object libsystem.a.p/hw_audio_es1370.c.o
[1168/1779] Compiling C object libsystem.a.p/hw_audio_pcspk.c.o
[1169/1779] Compiling C object libsystem.a.p/ui_vnc-enc-zrle.c.o
[1170/1779] Compiling C object libsystem.a.p/hw_block_cdrom.c.o
[1171/1779] Compiling C object libsystem.a.p/hw_block_block.c.o
[1172/1779] Compiling C object libsystem.a.p/hw_audio_virtio-snd-pci.c.o
[1173/1779] Compiling C object libsystem.a.p/hw_audio_intel-hda.c.o
[1174/1779] Compiling C object libsystem.a.p/hw_block_hd-geometry.c.o
[1175/1779] Compiling C object libsystem.a.p/hw_audio_sb16.c.o
[1176/1779] Compiling C object libsystem.a.p/hw_audio_via-ac97.c.o
[1177/1779] Compiling C object libsystem.a.p/hw_block_virtio-blk-common.c.o
[1178/1779] Compiling C object libsystem.a.p/hw_audio_virtio-snd.c.o
[1179/1779] Compiling C object libsystem.a.p/hw_block_vhost-user-blk.c.o
[1180/1779] Compiling C object libsystem.a.p/hw_acpi_aml-build.c.o
[1181/1779] Compiling C object libsystem.a.p/hw_audio_hda-codec.c.o
[1182/1779] Compiling C object libsystem.a.p/hw_char_serial-mm.c.o
[1183/1779] Compiling C object libsystem.a.p/hw_block_fdc-isa.c.o
[1184/1779] Compiling C object libsystem.a.p/hw_char_ipoctal232.c.o
[1185/1779] Compiling C object libsystem.a.p/hw_char_parallel-isa.c.o
[1186/1779] Compiling C object libsystem.a.p/hw_char_parallel.c.o
[1187/1779] Compiling C object libsystem.a.p/hw_char_serial-isa.c.o
[1188/1779] Compiling C object libsystem.a.p/hw_block_fdc.c.o
[1189/1779] Compiling C object libsystem.a.p/hw_char_xilinx_uartlite.c.o
[1190/1779] Compiling C object libsystem.a.p/hw_core_or-irq.c.o
[1191/1779] Compiling C object libsystem.a.p/hw_core_generic-loader.c.o
[1192/1779] Compiling C object libsystem.a.p/hw_core_ptimer.c.o
[1193/1779] Compiling C object libsystem.a.p/hw_core_guest-loader.c.o
[1194/1779] Compiling C object libsystem.a.p/hw_char_serial-pci-multi.c.o
[1195/1779] Compiling C object libsystem.a.p/hw_core_cpu-system.c.o
[1196/1779] Compiling C object libsystem.a.p/hw_core_platform-bus.c.o
[1197/1779] Compiling C object libsystem.a.p/hw_char_serial.c.o
[1198/1779] Compiling C object libsystem.a.p/hw_9pfs_9p.c.o
[1199/1779] Compiling C object libsystem.a.p/hw_char_virtio-console.c.o
[1200/1779] Compiling C object libsystem.a.p/hw_block_pflash_cfi01.c.o
[1201/1779] Compiling C object libsystem.a.p/hw_char_serial-pci.c.o
[1202/1779] Compiling C object libsystem.a.p/hw_core_fw-path-provider.c.o
[1203/1779] Compiling C object libsystem.a.p/hw_char_virtio-serial-bus.c.o
[1204/1779] Compiling C object libsystem.a.p/hw_char_escc.c.o
[1205/1779] Compiling C object libsystem.a.p/hw_block_virtio-blk.c.o
[1206/1779] Compiling C object libsystem.a.p/hw_core_hotplug.c.o
[1207/1779] Compiling C object libsystem.a.p/hw_core_null-machine.c.o
[1208/1779] Compiling C object libsystem.a.p/hw_core_qdev-hotplug.c.o
[1209/1779] Compiling C object libsystem.a.p/hw_core_sysbus-fdt.c.o
[1210/1779] Compiling C object libsystem.a.p/hw_core_qdev-fw.c.o
[1211/1779] Compiling C object libsystem.a.p/hw_core_nmi.c.o
[1212/1779] Compiling C object libsystem.a.p/hw_core_clock-vmstate.c.o
[1213/1779] Compiling C object libsystem.a.p/hw_display_edid-region.c.o
[1214/1779] Compiling C object libsystem.a.p/hw_core_vm-change-state-handler.c.o
[1215/1779] Compiling C object libsystem.a.p/hw_core_machine-hmp-cmds.c.o
[1216/1779] Compiling C object libsystem.a.p/hw_core_reset.c.o
[1217/1779] Compiling C object libsystem.a.p/hw_core_machine-qmp-cmds.c.o
[1218/1779] Compiling C object libsystem.a.p/accel_tcg_tcg-runtime-gvec.c.o
[1219/1779] Compiling C object libsystem.a.p/hw_core_numa.c.o
[1220/1779] Compiling C object libsystem.a.p/hw_display_i2c-ddc.c.o
[1221/1779] Compiling C object libsystem.a.p/meson-generated_.._ui_dbus-display1.c.o
[1222/1779] Compiling C object libsystem.a.p/hw_display_bochs-display.c.o
[1223/1779] Compiling C object libsystem.a.p/hw_cpu_core.c.o
[1224/1779] Compiling C object libsystem.a.p/hw_display_virtio-dmabuf.c.o
[1225/1779] Compiling C object libsystem.a.p/hw_display_acpi-vga.c.o
[1226/1779] Compiling C object libsystem.a.p/hw_display_vga-pci.c.o
[1227/1779] Compiling C object libsystem.a.p/hw_core_sysbus.c.o
[1228/1779] Compiling C object libsystem.a.p/hw_dma_i82374.c.o
[1229/1779] Compiling C object libsystem.a.p/hw_display_ati_dbg.c.o
[1230/1779] Compiling C object libsystem.a.p/hw_core_qdev-properties-system.c.o
[1231/1779] Compiling C object libsystem.a.p/hw_display_edid-generate.c.o
[1232/1779] Compiling C object libsystem.a.p/hw_gpio_mpc8xxx.c.o
[1233/1779] Compiling C object libsystem.a.p/hw_i2c_smbus_slave.c.o
[1234/1779] Compiling C object libsystem.a.p/hw_hyperv_hv-balloon-stub.c.o
[1235/1779] Compiling C object libsystem.a.p/hw_i2c_core.c.o
[1236/1779] Compiling C object libsystem.a.p/hw_i2c_pm_smbus.c.o
[1237/1779] Compiling C object libsystem.a.p/hw_i2c_mpc_i2c.c.o
[1238/1779] Compiling C object libsystem.a.p/hw_i2c_smbus_eeprom.c.o
[1239/1779] Compiling C object libsystem.a.p/hw_i2c_smbus_master.c.o
[1240/1779] Compiling C object libsystem.a.p/hw_i2c_bitbang_i2c.c.o
[1241/1779] Compiling C object libsystem.a.p/hw_ide_ich.c.o
[1242/1779] Compiling C object libsystem.a.p/hw_i2c_ppc4xx_i2c.c.o
[1243/1779] Compiling C object libsystem.a.p/hw_display_sm501.c.o
[1244/1779] Compiling C object libsystem.a.p/hw_ide_cf.c.o
[1245/1779] Compiling C object libsystem.a.p/accel_tcg_cputlb.c.o
[1246/1779] Compiling C object libsystem.a.p/hw_display_ati.c.o
[1247/1779] Compiling C object libsystem.a.p/hw_core_machine.c.o
[1248/1779] Compiling C object libsystem.a.p/hw_dma_i8257.c.o
[1249/1779] Compiling C object libsystem.a.p/hw_ide_isa.c.o
[1250/1779] Compiling C object libsystem.a.p/hw_ide_ide-bus.c.o
[1251/1779] Compiling C object libsystem.a.p/hw_ide_ide-dev.c.o
[1252/1779] Compiling C object libsystem.a.p/hw_display_ati_2d.c.o
[1253/1779] Compiling C object libsystem.a.p/hw_input_adb-kbd.c.o
[1254/1779] Compiling C object libsystem.a.p/hw_input_hid.c.o
[1255/1779] Compiling C object libsystem.a.p/hw_ide_macio.c.o
[1256/1779] Compiling C object libsystem.a.p/hw_ide_sii3112.c.o
[1257/1779] Compiling C object libsystem.a.p/hw_input_adb.c.o
[1258/1779] Compiling C object libsystem.a.p/hw_ide_ioport.c.o
[1259/1779] Compiling C object libsystem.a.p/hw_ide_atapi.c.o
[1260/1779] Compiling C object libsystem.a.p/hw_input_adb-mouse.c.o
[1261/1779] Compiling C object libsystem.a.p/hw_intc_intc.c.o
[1262/1779] Compiling C object libsystem.a.p/hw_ide_ahci.c.o
[1263/1779] Compiling C object libsystem.a.p/hw_ide_pci.c.o
[1264/1779] Compiling C object libsystem.a.p/hw_input_virtio-input-hid.c.o
[1265/1779] Compiling C object libsystem.a.p/hw_ide_via.c.o
[1266/1779] Compiling C object libsystem.a.p/hw_intc_ioapic-stub.c.o
[1267/1779] Compiling C object libsystem.a.p/hw_input_virtio-input.c.o
[1268/1779] Compiling C object libsystem.a.p/hw_input_pckbd.c.o
[1269/1779] Compiling C object libsystem.a.p/hw_core_loader.c.o
[1270/1779] Compiling C object libsystem.a.p/hw_ipack_ipack.c.o
[1271/1779] Compiling C object libsystem.a.p/hw_intc_xilinx_intc.c.o
[1272/1779] Compiling C object libsystem.a.p/hw_intc_i8259.c.o
[1273/1779] Compiling C object libsystem.a.p/hw_intc_i8259_common.c.o
[1274/1779] Compiling C object libsystem.a.p/hw_intc_kvm_irqcount.c.o
[1275/1779] Compiling C object libsystem.a.p/hw_intc_heathrow_pic.c.o
[1276/1779] Compiling C object libsystem.a.p/hw_input_ps2.c.o
[1277/1779] Compiling C object libsystem.a.p/hw_display_vga.c.o
[1278/1779] Compiling C object libsystem.a.p/hw_isa_apm.c.o
[1279/1779] Compiling C object libsystem.a.p/hw_isa_pc87312.c.o
[1280/1779] Compiling C object libsystem.a.p/hw_isa_i82378.c.o
[1281/1779] Compiling C object libsystem.a.p/hw_misc_pc-testdev.c.o
[1282/1779] Compiling C object libsystem.a.p/hw_input_virtio-input-host.c.o
[1283/1779] Compiling C object libsystem.a.p/hw_isa_isa-bus.c.o
[1284/1779] Compiling C object libsystem.a.p/hw_isa_isa-superio.c.o
[1285/1779] Compiling C object libsystem.a.p/hw_misc_unimp.c.o
[1286/1779] Compiling C object libsystem.a.p/hw_ipack_tpci200.c.o
[1287/1779] Compiling C object libsystem.a.p/hw_misc_pci-testdev.c.o
[1288/1779] Compiling C object libsystem.a.p/hw_misc_iommu-testdev.c.o
[1289/1779] Compiling C object libsystem.a.p/hw_misc_edu.c.o
[1290/1779] Compiling C object libsystem.a.p/hw_misc_pvpanic.c.o
[1291/1779] Compiling C object libsystem.a.p/hw_misc_macio_macio.c.o
[1292/1779] Compiling C object libsystem.a.p/hw_isa_vt82c686.c.o
[1293/1779] Compiling C object libsystem.a.p/hw_misc_i2c-echo.c.o
[1294/1779] Compiling C object libsystem.a.p/hw_misc_ivshmem-flat.c.o
[1295/1779] Compiling C object libsystem.a.p/hw_ide_core.c.o
[1296/1779] Compiling C object libsystem.a.p/hw_misc_macio_cuda.c.o
[1297/1779] Compiling C object libsystem.a.p/hw_misc_macio_gpio.c.o
[1298/1779] Compiling C object libsystem.a.p/hw_net_ne2000-pci.c.o
[1299/1779] Compiling C object libsystem.a.p/hw_net_ne2000.c.o
[1300/1779] Compiling C object libsystem.a.p/hw_misc_mos6522.c.o
[1301/1779] Compiling C object libsystem.a.p/hw_misc_pvpanic-pci.c.o
[1302/1779] Compiling C object libsystem.a.p/hw_misc_gallery-hid-pci.c.o
[1303/1779] Compiling C object libsystem.a.p/hw_misc_macio_mac_dbdma.c.o
[1304/1779] Compiling C object libsystem.a.p/hw_misc_ivshmem-pci.c.o
[1305/1779] Compiling C object libsystem.a.p/hw_net_pcnet-pci.c.o
[1306/1779] Compiling C object libsystem.a.p/hw_net_igbvf.c.o
[1307/1779] Compiling C object libsystem.a.p/hw_misc_macio_pmu.c.o
[1308/1779] Compiling C object libsystem.a.p/hw_intc_openpic.c.o
[1309/1779] Compiling C object libsystem.a.p/hw_net_net_rx_pkt.c.o
[1310/1779] Compiling C object libsystem.a.p/hw_net_e1000e.c.o
[1311/1779] Compiling C object libsystem.a.p/hw_net_pcnet.c.o
[1312/1779] Compiling C object libsystem.a.p/hw_net_e1000x_common.c.o
[1313/1779] Compiling C object libsystem.a.p/hw_net_igb.c.o
[1314/1779] Compiling C object libsystem.a.p/hw_net_ne2000-isa.c.o
[1315/1779] Compiling C object libsystem.a.p/hw_net_eepro100.c.o
[1316/1779] Compiling C object libsystem.a.p/hw_net_xilinx_ethlite.c.o
[1317/1779] Compiling C object libsystem.a.p/hw_net_net_tx_pkt.c.o
[1318/1779] Compiling C object libsystem.a.p/hw_net_fsl_etsec_etsec.c.o
[1319/1779] Compiling C object libsystem.a.p/hw_net_fsl_etsec_registers.c.o
[1320/1779] Compiling C object libsystem.a.p/hw_net_rtl8139.c.o
[1321/1779] Compiling C object libsystem.a.p/hw_net_rocker_rocker_world.c.o
[1322/1779] Compiling C object libsystem.a.p/hw_net_fsl_etsec_rings.c.o
[1323/1779] Compiling C object libsystem.a.p/hw_net_fsl_etsec_miim.c.o
[1324/1779] Compiling C object libsystem.a.p/hw_net_tulip.c.o
[1325/1779] Compiling C object libsystem.a.p/hw_net_rocker_rocker_fp.c.o
[1326/1779] Compiling C object libsystem.a.p/hw_net_rocker_rocker_desc.c.o
[1327/1779] Compiling C object libsystem.a.p/hw_net_e1000.c.o
[1328/1779] Compiling C object libsystem.a.p/hw_net_vhost_net.c.o
[1329/1779] Compiling C object libsystem.a.p/hw_net_sungem.c.o
[1330/1779] Compiling C object libsystem.a.p/hw_net_can_can_pcm3680_pci.c.o
[1331/1779] Compiling C object libsystem.a.p/hw_net_vmxnet3.c.o
[1332/1779] Compiling C object libsystem.a.p/hw_net_can_can_sja1000.c.o
[1333/1779] Compiling C object libsystem.a.p/hw_net_can_can_kvaser_pci.c.o
[1334/1779] Compiling C object libsystem.a.p/hw_net_rocker_rocker-hmp-cmds.c.o
[1335/1779] Compiling C object libsystem.a.p/hw_net_can_can_mioe3680_pci.c.o
[1336/1779] Compiling C object libsystem.a.p/hw_nvram_fw_cfg-interface.c.o
[1337/1779] Compiling C object libsystem.a.p/hw_nvram_eeprom93xx.c.o
[1338/1779] Compiling C object libsystem.a.p/hw_nvme_nguid.c.o
[1339/1779] Compiling C object libsystem.a.p/hw_nvme_subsys.c.o
[1340/1779] Compiling C object libsystem.a.p/hw_nvram_chrp_nvram.c.o
[1341/1779] Compiling C object libsystem.a.p/hw_net_rocker_rocker.c.o
[1342/1779] Compiling C object libsystem.a.p/hw_net_can_ctucan_core.c.o
[1343/1779] Compiling C object libsystem.a.p/hw_net_e1000e_core.c.o
[1344/1779] Compiling C object libsystem.a.p/hw_nvram_fw_cfg-acpi.c.o
[1345/1779] Compiling C object libsystem.a.p/hw_pci_pcie_port.c.o
[1346/1779] Compiling C object libsystem.a.p/hw_net_can_ctucan_pci.c.o
[1347/1779] Compiling C object libsystem.a.p/hw_net_rocker_rocker_of_dpa.c.o
[1348/1779] Compiling C object libsystem.a.p/hw_nvram_eeprom_at24c.c.o
[1349/1779] Compiling C object libsystem.a.p/hw_pci_pcie_host.c.o
[1350/1779] Compiling C object libsystem.a.p/hw_nvme_ns.c.o
[1351/1779] Compiling C object libsystem.a.p/hw_nvram_mac_nvram.c.o
[1352/1779] Compiling C object libsystem.a.p/hw_nvme_dif.c.o
[1353/1779] Compiling C object libsystem.a.p/hw_pci_pci_host.c.o
[1354/1779] Compiling C object libsystem.a.p/hw_pci_slotid_cap.c.o
[1355/1779] Compiling C object libsystem.a.p/hw_pci_msi.c.o
[1356/1779] Compiling C object libsystem.a.p/hw_nvram_fw_cfg.c.o
[1357/1779] Compiling C object libsystem.a.p/hw_pci_pci-hmp-cmds.c.o
[1358/1779] Compiling C object libsystem.a.p/hw_pci_msix.c.o
[1359/1779] Compiling C object libsystem.a.p/hw_pci_pci-qmp-cmds.c.o
[1360/1779] Compiling C object libsystem.a.p/hw_pci_pci_bridge.c.o
[1361/1779] Compiling C object libsystem.a.p/hw_pci_pcie_sriov.c.o
[1362/1779] Compiling C object libsystem.a.p/hw_pci-bridge_i82801b11.c.o
[1363/1779] Compiling C object libsystem.a.p/hw_pci-bridge_pci_bridge_dev.c.o
[1364/1779] Compiling C object libsystem.a.p/hw_pci_pcie_doe.c.o
[1365/1779] Compiling C object libsystem.a.p/hw_pci-bridge_pci_expander_bridge_stubs.c.o
[1366/1779] Compiling C object libsystem.a.p/hw_pci_pcie_aer.c.o
[1367/1779] Compiling C object libsystem.a.p/hw_pci-bridge_ioh3420.c.o
[1368/1779] Compiling C object libsystem.a.p/hw_net_virtio-net.c.o
[1369/1779] Compiling C object libsystem.a.p/hw_pci-bridge_gen_pcie_root_port.c.o
[1370/1779] Compiling C object libsystem.a.p/hw_pci-bridge_pcie_pci_bridge.c.o
[1371/1779] Compiling C object libsystem.a.p/hw_pci-bridge_pcie_root_port.c.o
[1372/1779] Compiling C object libsystem.a.p/hw_pci-bridge_xio3130_upstream.c.o
[1373/1779] Compiling C object libsystem.a.p/hw_pci_shpc.c.o
[1374/1779] Compiling C object libsystem.a.p/hw_pci-bridge_xio3130_downstream.c.o
[1375/1779] Compiling C object libsystem.a.p/hw_pci_pcie.c.o
[1376/1779] Compiling C object libsystem.a.p/hw_pci-host_ppc4xx_pci.c.o
[1377/1779] Compiling C object libsystem.a.p/hw_rtc_ds1338.c.o
[1378/1779] Compiling C object libsystem.a.p/hw_pci-host_ppce500.c.o
[1379/1779] Compiling C object libsystem.a.p/hw_pci-host_grackle.c.o
[1380/1779] Compiling C object libsystem.a.p/hw_scsi_emulation.c.o
[1381/1779] Compiling C object libsystem.a.p/hw_net_igb_core.c.o
[1382/1779] Compiling C object libsystem.a.p/hw_pci-host_ppc440_pcix.c.o
[1383/1779] Compiling C object libsystem.a.p/hw_rtc_m41t80.c.o
[1384/1779] Compiling C object libsystem.a.p/hw_pci-host_articia.c.o
[1385/1779] Compiling C object libsystem.a.p/hw_pci-host_raven.c.o
[1386/1779] Compiling C object libsystem.a.p/hw_rtc_m48t59-isa.c.o
[1387/1779] Compiling C object libsystem.a.p/hw_rtc_m48t59.c.o
[1388/1779] Compiling C object libsystem.a.p/hw_pci-host_uninorth.c.o
[1389/1779] Compiling C object libsystem.a.p/hw_scsi_mptendian.c.o
[1390/1779] Compiling C object libsystem.a.p/hw_scsi_esp-pci.c.o
[1391/1779] Compiling C object libsystem.a.p/hw_scsi_virtio-scsi-dataplane.c.o
[1392/1779] Compiling C object libsystem.a.p/hw_rtc_mc146818rtc.c.o
[1393/1779] Compiling C object libsystem.a.p/hw_pci-host_mv64361.c.o
[1394/1779] Compiling C object libsystem.a.p/hw_scsi_scsi-generic.c.o
[1395/1779] Compiling C object libsystem.a.p/hw_scsi_mptconfig.c.o
[1396/1779] Compiling C object libsystem.a.p/hw_scsi_vhost-user-scsi.c.o
[1397/1779] Compiling C object libsystem.a.p/hw_scsi_vhost-scsi-common.c.o
[1398/1779] Compiling C object libsystem.a.p/hw_scsi_esp.c.o
[1399/1779] Compiling C object libsystem.a.p/hw_scsi_vhost-scsi.c.o
[1400/1779] Compiling C object libsystem.a.p/hw_timer_i8254_common.c.o
[1401/1779] Compiling C object libsystem.a.p/hw_scsi_vmw_pvscsi.c.o
[1402/1779] Compiling C object libsystem.a.p/hw_sd_core.c.o
[1403/1779] Compiling C object libsystem.a.p/hw_pci_pci.c.o
[1404/1779] Compiling C object libsystem.a.p/hw_sd_sdhci-pci.c.o
[1405/1779] Compiling C object libsystem.a.p/hw_scsi_mptsas.c.o
[1406/1779] Compiling C object libsystem.a.p/hw_timer_i8254.c.o
[1407/1779] Compiling C object libsystem.a.p/hw_uefi_hardware-info.c.o
[1408/1779] Compiling C object libsystem.a.p/hw_scsi_virtio-scsi.c.o
[1409/1779] Compiling C object libsystem.a.p/hw_usb_combined-packet.c.o
[1410/1779] Compiling C object libsystem.a.p/hw_ufs_lu.c.o
[1411/1779] Compiling C object libsystem.a.p/hw_timer_xilinx_timer.c.o
[1412/1779] Compiling C object libsystem.a.p/hw_usb_desc-msos.c.o
[1413/1779] Compiling C object libsystem.a.p/hw_uefi_ovmf-log.c.o
[1414/1779] Compiling C object libsystem.a.p/hw_scsi_scsi-disk.c.o
[1415/1779] Compiling C object libsystem.a.p/hw_scsi_scsi-bus.c.o
[1416/1779] Compiling C object libsystem.a.p/hw_usb_bus.c.o
[1417/1779] Compiling C object libsystem.a.p/hw_usb_pcap.c.o
[1418/1779] Compiling C object libsystem.a.p/hw_scsi_megasas.c.o
[1419/1779] Compiling C object libsystem.a.p/hw_usb_core.c.o
[1420/1779] Compiling C object libsystem.a.p/hw_scsi_lsi53c895a.c.o
[1421/1779] Compiling C object libsystem.a.p/hw_usb_libhw.c.o
[1422/1779] Compiling C object libsystem.a.p/hw_usb_hcd-ohci-pci.c.o
[1423/1779] Compiling C object libsystem.a.p/hw_usb_hcd-ohci-sysbus.c.o
[1424/1779] Compiling C object libsystem.a.p/hw_sd_sdhci.c.o
[1425/1779] Compiling C object libsystem.a.p/hw_usb_hcd-ehci-sysbus.c.o
[1426/1779] Compiling C object libsystem.a.p/hw_usb_hcd-xhci-nec.c.o
[1427/1779] Compiling C object libsystem.a.p/hw_usb_desc.c.o
[1428/1779] Compiling C object libsystem.a.p/hw_usb_vt82c686-uhci-pci.c.o
[1429/1779] Compiling C object libsystem.a.p/hw_ufs_ufs.c.o
[1430/1779] Compiling C object libsystem.a.p/hw_sd_sd.c.o
[1431/1779] Compiling C object libsystem.a.p/hw_usb_dev-hid.c.o
[1432/1779] Compiling C object libsystem.a.p/hw_usb_hcd-uhci.c.o
[1433/1779] Compiling C object libsystem.a.p/hw_usb_hcd-ehci-pci.c.o
[1434/1779] Compiling C object libsystem.a.p/hw_usb_dev-hub.c.o
[1435/1779] Compiling C object libsystem.a.p/hw_usb_hcd-xhci-pci.c.o
[1436/1779] Compiling C object libsystem.a.p/hw_usb_dev-storage-bot.c.o
[1437/1779] Compiling C object libsystem.a.p/hw_usb_dev-storage-classic.c.o
[1438/1779] Compiling C object libsystem.a.p/hw_usb_dev-wacom.c.o
[1439/1779] Compiling C object libsystem.a.p/hw_usb_u2f.c.o
[1440/1779] Compiling C object libsystem.a.p/hw_usb_dev-storage.c.o
[1441/1779] Compiling C object libsystem.a.p/hw_usb_dev-serial.c.o
[1442/1779] Compiling C object libsystem.a.p/hw_usb_dev-audio.c.o
[1443/1779] Compiling C object libsystem.a.p/hw_usb_dev-network.c.o
[1444/1779] Compiling C object libsystem.a.p/hw_usb_dev-uas.c.o
[1445/1779] Compiling C object libsystem.a.p/hw_vfio_iommufd-stubs.c.o
[1446/1779] Compiling C object libsystem.a.p/hw_usb_u2f-passthru.c.o
[1447/1779] Compiling C object libsystem.a.p/hw_vfio_cpr-legacy.c.o
[1448/1779] Compiling C object libsystem.a.p/hw_usb_dev-smartcard-reader.c.o
[1449/1779] Compiling C object libsystem.a.p/hw_vfio_cpr.c.o
[1450/1779] Compiling C object libsystem.a.p/hw_vfio_region.c.o
[1451/1779] Compiling C object libsystem.a.p/hw_virtio_iothread-vq-mapping.c.o
[1452/1779] Compiling C object libsystem.a.p/hw_vfio-user_container.c.o
[1453/1779] Compiling C object libsystem.a.p/hw_usb_hcd-ehci.c.o
[1454/1779] Compiling C object libsystem.a.p/hw_vfio-user_device.c.o
[1455/1779] Compiling C object libsystem.a.p/hw_vfio_device.c.o
[1456/1779] Compiling C object libsystem.a.p/hw_virtio_virtio-bus.c.o
[1457/1779] Compiling C object libsystem.a.p/hw_usb_hcd-xhci.c.o
[1458/1779] Compiling C object libsystem.a.p/hw_vfio_display.c.o
[1459/1779] Compiling C object libsystem.a.p/hw_usb_hcd-ohci.c.o
[1460/1779] Compiling C object libsystem.a.p/hw_virtio_virtio-config-io.c.o
[1461/1779] Compiling C object libsystem.a.p/hw_vfio_migration.c.o
[1462/1779] Compiling C object libsystem.a.p/hw_vfio_migration-multifd.c.o
[1463/1779] Compiling C object libsystem.a.p/hw_usb_dev-mtp.c.o
[1464/1779] Compiling C object libsystem.a.p/hw_virtio_vhost-iova-tree.c.o
[1465/1779] Compiling C object libsystem.a.p/hw_virtio_vhost-vsock-common.c.o
[1466/1779] Compiling C object libsystem.a.p/hw_vfio-user_pci.c.o
[1467/1779] Compiling C object libsystem.a.p/hw_virtio_vdpa-dev.c.o
[1468/1779] Compiling C object libsystem.a.p/hw_virtio_vhost-user-test-device.c.o
[1469/1779] Compiling C object libsystem.a.p/hw_virtio_virtio-qmp.c.o
[1470/1779] Compiling C object libsystem.a.p/hw_virtio_vhost-user-base.c.o
[1471/1779] Compiling C object libsystem.a.p/hw_nvme_ctrl.c.o
[1472/1779] Compiling C object libsystem.a.p/hw_vfio-user_proxy.c.o
[1473/1779] Compiling C object libsystem.a.p/hw_virtio_vhost-user-gpio.c.o
[1474/1779] Compiling C object libsystem.a.p/hw_virtio_vhost-user-i2c.c.o
[1475/1779] Compiling C object libsystem.a.p/hw_virtio_vhost-user-spi.c.o
[1476/1779] Compiling C object libsystem.a.p/hw_virtio_vhost-user-snd.c.o
[1477/1779] Compiling C object libsystem.a.p/hw_virtio_vhost-backend.c.o
[1478/1779] Compiling C object libsystem.a.p/hw_virtio_vhost-user-gpio-pci.c.o
[1479/1779] Compiling C object libsystem.a.p/hw_virtio_vhost-user-test-device-pci.c.o
[1480/1779] Compiling C object libsystem.a.p/hw_virtio_vhost-user-rng-pci.c.o
[1481/1779] Compiling C object libsystem.a.p/hw_virtio_vhost-user-rng.c.o
[1482/1779] Compiling C object libsystem.a.p/hw_virtio_vhost-user-input.c.o
[1483/1779] Compiling C object libsystem.a.p/hw_virtio_virtio-crypto.c.o
[1484/1779] Compiling C object libsystem.a.p/hw_virtio_vhost-user-snd-pci.c.o
[1485/1779] Compiling C object libsystem.a.p/hw_virtio_vhost-user-i2c-pci.c.o
[1486/1779] Compiling C object libsystem.a.p/hw_virtio_virtio-iommu.c.o
[1487/1779] Compiling C object libsystem.a.p/hw_virtio_vhost-vsock.c.o
[1488/1779] Compiling C object libsystem.a.p/hw_virtio_vhost-user-spi-pci.c.o
[1489/1779] Compiling C object libsystem.a.p/hw_virtio_vhost-user-input-pci.c.o
[1490/1779] Compiling C object libsystem.a.p/hw_virtio_vhost-shadow-virtqueue.c.o
[1491/1779] Compiling C object libsystem.a.p/hw_virtio_vhost-vsock-pci.c.o
[1492/1779] Compiling C object libsystem.a.p/hw_virtio_vhost-user-fs.c.o
[1493/1779] Compiling C object libsystem.a.p/hw_virtio_vhost-user-vsock.c.o
[1494/1779] Compiling C object libsystem.a.p/hw_virtio_vhost-user-scsi-pci.c.o
[1495/1779] Compiling C object libsystem.a.p/hw_virtio_vhost-user-vsock-pci.c.o
[1496/1779] Compiling C object libsystem.a.p/hw_virtio_vhost-user.c.o
[1497/1779] Compiling C object libsystem.a.p/hw_virtio_virtio-input-pci.c.o
[1498/1779] Compiling C object libsystem.a.p/hw_virtio_virtio-crypto-pci.c.o
[1499/1779] Compiling C object libsystem.a.p/hw_virtio_vhost-user-fs-pci.c.o
[1500/1779] Compiling C object libsystem.a.p/hw_virtio_virtio-rng.c.o
[1501/1779] Compiling C object libsystem.a.p/hw_virtio_vhost.c.o
[1502/1779] Compiling C object libsystem.a.p/hw_virtio_virtio-9p-pci.c.o
[1503/1779] Compiling C object libsystem.a.p/hw_virtio_virtio-rng-pci.c.o
[1504/1779] Compiling C object libsystem.a.p/hw_virtio_vhost-scsi-pci.c.o
[1505/1779] Compiling C object libsystem.a.p/hw_virtio_vhost-user-blk-pci.c.o
[1506/1779] Compiling C object libsystem.a.p/hw_virtio_virtio-input-host-pci.c.o
[1507/1779] Compiling C object libsystem.a.p/hw_virtio_virtio-pci.c.o
[1508/1779] Compiling C object libsystem.a.p/hw_virtio_virtio-blk-pci.c.o
[1509/1779] Compiling C object libsystem.a.p/hw_virtio_virtio-balloon-pci.c.o
[1510/1779] Compiling C object libsystem.a.p/hw_virtio_virtio-acpi.c.o
[1511/1779] Compiling C object libsystem.a.p/hw_virtio_virtio-net-pci.c.o
[1512/1779] Compiling C object libsystem.a.p/hw_virtio_virtio-serial-pci.c.o
[1513/1779] Compiling C object libsystem.a.p/hw_virtio_virtio-balloon.c.o
[1514/1779] Compiling C object libsystem.a.p/hw_virtio_vhost-vdpa.c.o
[1515/1779] Compiling C object libsystem.a.p/hw_virtio_virtio-scsi-pci.c.o
[1516/1779] Compiling C object libsystem.a.p/hw_watchdog_wdt_ib700.c.o
[1517/1779] Compiling C object libsystem.a.p/gdbstub_syscalls.c.o
[1518/1779] Compiling C object libsystem.a.p/hw_virtio_virtio-hmp-cmds.c.o
[1519/1779] Compiling C object libsystem.a.p/hw_xen_xen_stubs.c.o
[1520/1779] Compiling C object libsystem.a.p/hw_virtio_vdpa-dev-pci.c.o
[1521/1779] Compiling C object libsystem.a.p/hw_virtio_virtio-iommu-pci.c.o
[1522/1779] Compiling C object libsystem.a.p/hw_watchdog_watchdog.c.o
[1523/1779] Compiling C object libsystem.a.p/cpu-target.c.o
[1524/1779] Compiling C object libsystem.a.p/system_arch_init.c.o
[1525/1779] Compiling C object libsystem.a.p/block_block-ram-registrar.c.o
[1526/1779] Compiling C object libsystem.a.p/system_balloon.c.o
[1527/1779] Compiling C object libsystem.a.p/block_blkreplay.c.o
[1528/1779] Compiling C object libsystem.a.p/hw_watchdog_wdt_i6300esb.c.o
[1529/1779] Compiling C object libsystem.a.p/block_qapi-system.c.o
[1530/1779] Compiling C object libsystem.a.p/system_bootdevice.c.o
[1531/1779] Compiling C object libsystem.a.p/system_exit-with-parent.c.o
[1532/1779] Compiling C object libsystem.a.p/system_datadir.c.o
[1533/1779] Compiling C object libsystem.a.p/hw_virtio_virtio.c.o
[1534/1779] Compiling C object libsystem.a.p/system_ioport.c.o
[1535/1779] Compiling C object libsystem.a.p/gdbstub_system.c.o
[1536/1779] Compiling C object libsystem.a.p/system_cpu-timers.c.o
[1537/1779] Compiling C object libsystem.a.p/block_monitor_block-hmp-cmds.c.o
[1538/1779] Compiling C object libsystem.a.p/system_dma-helpers.c.o
[1539/1779] Compiling C object libsystem.a.p/system_memory_mapping.c.o
[1540/1779] Compiling C object libsystem.a.p/system_runstate-action.c.o
[1541/1779] Compiling C object libsystem.a.p/system_ram-block-attributes.c.o
[1542/1779] Compiling C object libsystem.a.p/system_dirtylimit.c.o
[1543/1779] Compiling C object libsystem.a.p/system_globals.c.o
[1544/1779] Compiling C object libsystem.a.p/system_tpm-hmp-cmds.c.o
[1545/1779] Compiling C object libsystem.a.p/system_rtc.c.o
[1546/1779] Compiling C object libsystem.a.p/system_qemu-seccomp.c.o
[1547/1779] Compiling C object libsystem.a.p/system_runstate-hmp-cmds.c.o
[1548/1779] Compiling C object libsystem.a.p/system_tpm.c.o
[1549/1779] Compiling C object libsystem.a.p/page-vary-system.c.o
[1550/1779] Compiling C object libsystem.a.p/system_cpus.c.o
[1551/1779] Compiling C object libsystem.a.p/system_async-teardown.c.o
[1552/1779] Compiling C object libsystem.a.p/system_watchpoint.c.o
[1553/1779] Compiling C object libsystem.a.p/hw_display_cirrus_vga.c.o
[1554/1779] Compiling C object libsystem.a.p/backends_cryptodev-hmp-cmds.c.o
[1555/1779] Compiling C object libsystem.a.p/target-info-qom.c.o
[1556/1779] Compiling C object libsystem.a.p/system_device_tree.c.o
[1557/1779] Compiling C object libsystem.a.p/gdbstub_gdbstub.c.o
[1558/1779] Compiling C object libsystem.a.p/system_qdev-monitor.c.o
[1559/1779] Compiling C object libsystem.a.p/backends_rng-egd.c.o
[1560/1779] Compiling C object libsystem.a.p/backends_cryptodev-builtin.c.o
[1561/1779] Compiling C object libsystem.a.p/backends_confidential-guest-support.c.o
[1562/1779] Compiling C object libsystem.a.p/backends_hostmem-ram.c.o
[1563/1779] Compiling C object libsystem.a.p/backends_rng-random.c.o
[1564/1779] Compiling C object libsystem.a.p/system_runstate.c.o
[1565/1779] Compiling C object libsystem.a.p/backends_host_iommu_device.c.o
[1566/1779] Compiling C object libsystem.a.p/backends_rng.c.o
[1567/1779] Compiling C object libsystem.a.p/backends_hostmem-shm.c.o
[1568/1779] Compiling C object libsystem.a.p/backends_tpm_tpm_util.c.o
[1569/1779] Compiling C object libsystem.a.p/backends_hostmem-file.c.o
[1570/1779] Compiling C object libsystem.a.p/backends_cryptodev-vhost.c.o
[1571/1779] Compiling C object libsystem.a.p/backends_rng-builtin.c.o
[1572/1779] Compiling C object libsystem.a.p/system_qtest.c.o
[1573/1779] Compiling C object libsystem.a.p/backends_tpm_tpm_backend.c.o
[1574/1779] Compiling C object libsystem.a.p/backends_hostmem-memfd.c.o
[1575/1779] Compiling C object libsystem.a.p/backends_cryptodev.c.o
[1576/1779] Compiling C object libsystem.a.p/backends_dbus-vmstate.c.o
[1577/1779] Compiling C object libsystem.a.p/backends_spdm-socket.c.o
[1578/1779] Compiling C object libsystem.a.p/backends_hostmem.c.o
[1579/1779] Compiling C object libsystem.a.p/disas_disas-mon.c.o
[1580/1779] Compiling C object libsystem.a.p/backends_cryptodev-vhost-user.c.o
[1581/1779] Compiling C object libsystem.a.p/migration_block-active.c.o
[1582/1779] Compiling C object libsystem.a.p/migration_channel-block.c.o
[1583/1779] Compiling C object libsystem.a.p/backends_vhost-user.c.o
[1584/1779] Compiling C object libsystem.a.p/migration_cpr-exec.c.o
[1585/1779] Compiling C object libsystem.a.p/migration_exec.c.o
[1586/1779] Compiling C object libsystem.a.p/migration_channel.c.o
[1587/1779] Compiling C object libsystem.a.p/migration_cpr.c.o
[1588/1779] Compiling C object libsystem.a.p/migration_block-dirty-bitmap.c.o
[1589/1779] Compiling C object libsystem.a.p/migration_fd.c.o
[1590/1779] Compiling C object libsystem.a.p/migration_cpu-throttle.c.o
[1591/1779] Compiling C object libsystem.a.p/migration_global_state.c.o
[1592/1779] Compiling C object libsystem.a.p/migration_cpr-transfer.c.o
[1593/1779] Compiling C object libsystem.a.p/system_vl.c.o
[1594/1779] Compiling C object libsystem.a.p/migration_multifd-device-state.c.o
[1595/1779] Compiling C object libsystem.a.p/migration_file.c.o
[1596/1779] Compiling C object libsystem.a.p/migration_socket.c.o
[1597/1779] Compiling C object libsystem.a.p/migration_multifd-zero-page.c.o
[1598/1779] Compiling C object libsystem.a.p/migration_multifd-nocomp.c.o
[1599/1779] Compiling C object libsystem.a.p/migration_dirtyrate.c.o
[1600/1779] Compiling C object libsystem.a.p/migration_colo-failover.c.o
[1601/1779] Compiling C object libsystem.a.p/migration_tls.c.o
[1602/1779] Compiling C object libsystem.a.p/migration_multifd-zlib.c.o
[1603/1779] Compiling C object libsystem.a.p/migration_options.c.o
[1604/1779] Compiling C object libsystem.a.p/migration_multifd-colo.c.o
[1605/1779] Compiling C object libsystem.a.p/migration_migration-hmp-cmds.c.o
[1606/1779] Compiling C object libsystem.a.p/system_memory.c.o
[1607/1779] Compiling C object libsystem.a.p/migration_multifd-zstd.c.o
[1608/1779] Compiling C object libsystem.a.p/system_physmem.c.o
[1609/1779] Compiling C object libsystem.a.p/migration_multifd.c.o
[1610/1779] Compiling C object libsystem.a.p/migration_vfio.c.o
[1611/1779] Compiling C object libsystem.a.p/net_filter-buffer.c.o
[1612/1779] Compiling C object libsystem.a.p/monitor_fds.c.o
[1613/1779] Compiling C object libsystem.a.p/migration_colo.c.o
[1614/1779] Compiling C object libsystem.a.p/net_checksum.c.o
[1615/1779] Compiling C object libsystem.a.p/monitor_qmp-cmds.c.o
[1616/1779] Compiling C object libsystem.a.p/monitor_qemu-config-qmp.c.o
[1617/1779] Compiling C object libsystem.a.p/net_announce.c.o
[1618/1779] Compiling C object libsystem.a.p/net_dump.c.o
[1619/1779] Compiling C object libsystem.a.p/net_filter-mirror.c.o
[1620/1779] Compiling C object libsystem.a.p/net_filter.c.o
[1621/1779] Compiling C object libsystem.a.p/net_dgram.c.o
[1622/1779] Compiling C object libsystem.a.p/migration_postcopy-ram.c.o
[1623/1779] Compiling C object libsystem.a.p/net_eth.c.o
[1624/1779] Compiling C object libsystem.a.p/net_util.c.o
[1625/1779] Compiling C object libsystem.a.p/net_hub.c.o
[1626/1779] Compiling C object libsystem.a.p/net_stream.c.o
[1627/1779] Compiling C object libsystem.a.p/net_stream_data.c.o
[1628/1779] Compiling C object libsystem.a.p/monitor_hmp-cmds.c.o
[1629/1779] Compiling C object libsystem.a.p/net_queue.c.o
[1630/1779] Compiling C object libsystem.a.p/net_net-hmp-cmds.c.o
[1631/1779] Compiling C object libsystem.a.p/net_colo.c.o
[1632/1779] Compiling C object libsystem.a.p/monitor_hmp.c.o
[1633/1779] Compiling C object libsystem.a.p/net_filter-replay.c.o
[1634/1779] Compiling C object libsystem.a.p/net_vhost-user.c.o
[1635/1779] Compiling C object libsystem.a.p/net_tap-linux.c.o
[1636/1779] Compiling C object libsystem.a.p/net_l2tpv3.c.o
[1637/1779] Compiling C object libsystem.a.p/net_filter-rewriter.c.o
[1638/1779] Compiling C object libsystem.a.p/net_can_can_core.c.o
[1639/1779] Compiling C object libsystem.a.p/net_slirp.c.o
[1640/1779] Compiling C object libsystem.a.p/migration_migration.c.o
[1641/1779] Compiling C object libsystem.a.p/net_can_can_host.c.o
[1642/1779] Compiling C object libsystem.a.p/net_can_can_socketcan.c.o
[1643/1779] Compiling C object libsystem.a.p/replay_replay-events.c.o
[1644/1779] Compiling C object libsystem.a.p/net_colo-compare.c.o
[1645/1779] Compiling C object libsystem.a.p/replay_replay-input.c.o
[1646/1779] Compiling C object libsystem.a.p/replay_replay-char.c.o
[1647/1779] Compiling C object libsystem.a.p/net_net.c.o
[1648/1779] Compiling C object libsystem.a.p/migration_savevm.c.o
[1649/1779] Compiling C object libsystem.a.p/net_socket.c.o
[1650/1779] Compiling C object libsystem.a.p/replay_replay-internal.c.o
[1651/1779] Compiling C object libsystem.a.p/replay_replay.c.o
[1652/1779] Compiling C object libsystem.a.p/net_tap.c.o
[1653/1779] Compiling C object libsystem.a.p/migration_ram.c.o
[1654/1779] Compiling C object libsystem.a.p/net_passt.c.o
[1655/1779] Compiling C object libsystem.a.p/replay_replay-time.c.o
[1656/1779] Compiling C object libsystem.a.p/net_vhost-vdpa.c.o
[1657/1779] Compiling C object libsystem.a.p/replay_replay-net.c.o
[1658/1779] Compiling C object libsystem.a.p/stats_stats-qmp-cmds.c.o
[1659/1779] Compiling C object libsystem.a.p/replay_replay-audio.c.o
[1660/1779] Compiling C object libsystem.a.p/tcg_tcg-common.c.o
[1661/1779] Compiling C object libsystem.a.p/replay_replay-snapshot.c.o
[1662/1779] Compiling C object libsystem.a.p/replay_replay-random.c.o
[1663/1779] Compiling C object libsystem.a.p/stats_stats-hmp-cmds.c.o
[1664/1779] Compiling C object libsystem.a.p/ebpf_ebpf_rss-stub.c.o
[1665/1779] Compiling C object libsystem.a.p/plugins_api-system.c.o
[1666/1779] Compiling C object libsystem.a.p/tcg_region.c.o
[1667/1779] Compiling C object libsystem.a.p/plugins_system.c.o
[1668/1779] Compiling C object libsystem.a.p/ui_dbus-error.c.o
[1669/1779] Compiling C object libsystem.a.p/replay_replay-debugging.c.o
[1670/1779] Compiling C object libsystem.a.p/ui_dbus-chardev.c.o
[1671/1779] Compiling C object libsystem.a.p/plugins_api.c.o
[1672/1779] Compiling C object libsystem.a.p/ui_dbus-clipboard.c.o
[1673/1779] Compiling C object libsystem.a.p/ui_dbus-listener.c.o
[1674/1779] Compiling C object libsystem.a.p/tcg_perf.c.o
[1675/1779] Compiling C object libsystem.a.p/ui_x_keymap.c.o
[1676/1779] Compiling C object libsystem.a.p/ui_dbus.c.o
[1677/1779] Compiling C object libsystem.a.p/ui_dbus-console.c.o
[1678/1779] Compiling C object libsystem.a.p/ui_spice-core.c.o
[1679/1779] Compiling C object libsystem.a.p/ui_spice-input.c.o
[1680/1779] Compiling C object libsystem.a.p/ui_spice-display.c.o
[1681/1779] Compiling C object libsystem.a.p/accel_qtest_qtest.c.o
[1682/1779] Compiling C object libsystem.a.p/chardev_spice.c.o
[1683/1779] Compiling C object libsystem.a.p/ui_spice-app.c.o
[1684/1779] Compiling C object libsystem.a.p/ui_sdl2-2d.c.o
[1685/1779] Compiling C object libsystem.a.p/hw_display_virtio-gpu-pci.c.o
[1686/1779] Compiling C object libsystem.a.p/tcg_tcg-op-vec.c.o
[1687/1779] Compiling C object libsystem.a.p/hw_usb_quirks.c.o
[1688/1779] Compiling C object libsystem.a.p/hw_display_vhost-user-gpu.c.o
[1689/1779] Compiling C object libsystem.a.p/hw_display_vhost-user-gpu-pci.c.o
[1690/1779] Compiling C object libcommon.a.p/meson-generated_.._gdbstub_gdbstub-xml.c.o
[1691/1779] Compiling C object libsystem.a.p/ui_sdl2-input.c.o
[1692/1779] Compiling C object libsystem.a.p/hw_display_virtio-gpu-base.c.o
[1693/1779] Compiling C object libsystem.a.p/hw_display_virtio-gpu-udmabuf.c.o
[1694/1779] Compiling C object libcommon.a.p/page-vary-common.c.o
[1695/1779] Compiling C object libcommon.a.p/accel_accel-common.c.o
[1696/1779] Compiling C object libsystem.a.p/plugins_core.c.o
[1697/1779] Compiling C object libcommon.a.p/disas_disas-host.c.o
[1698/1779] Compiling C object libcommon.a.p/target-info.c.o
[1699/1779] Compiling C object libcommon.a.p/disas_disas-target.c.o
[1700/1779] Compiling C object libcommon.a.p/hw_core_cpu-common.c.o
[1701/1779] Compiling C object libsystem.a.p/ui_sdl2.c.o
[1702/1779] Compiling C object libcommon.a.p/hw_core_machine-smp.c.o
[1703/1779] Compiling C object libcommon.a.p/disas_objdump.c.o
[1704/1779] Compiling C object libcommon.a.p/cpu-common.c.o
[1705/1779] Compiling C object libcommon.a.p/disas_disas-common.c.o
[1706/1779] Compiling C object libsystem.a.p/hw_usb_redirect.c.o
[1707/1779] Compiling C object libsystem.a.p/tcg_tcg-op-ldst.c.o
[1708/1779] Compiling C object libqemu-ppc-softmmu.a.p/target_ppc_monitor.c.o
[1709/1779] Compiling C object libqemu-ppc-softmmu.a.p/target_ppc_arch_dump.c.o
[1710/1779] Compiling C object libcommon.a.p/plugins_loader.c.o
[1711/1779] Compiling C object libqemu-ppc-softmmu.a.p/hw_ppc_fdt.c.o
[1712/1779] Compiling C object libqemu-ppc-softmmu.a.p/target_ppc_machine.c.o
[1713/1779] Compiling C object libsystem.a.p/hw_display_virtio-gpu.c.o
[1714/1779] Compiling C object libqemu-ppc-softmmu.a.p/target_ppc_ppc-qmp-cmds.c.o
[1715/1779] Compiling C object libqemu-ppc-softmmu.a.p/target_ppc_mmu_common.c.o
[1716/1779] Compiling C object libqemu-ppc-softmmu.a.p/hw_ppc_fw_cfg.c.o
[1717/1779] Compiling C object libqemu-ppc-softmmu.a.p/target_ppc_mmu-booke.c.o
[1718/1779] Compiling C object libqemu-ppc-softmmu.a.p/target_ppc_mmu-hash32.c.o
[1719/1779] Compiling C object libqemu-ppc-softmmu.a.p/hw_ppc_ppe42_machine.c.o
[1720/1779] Compiling C object libqemu-ppc-softmmu.a.p/hw_ppc_ppc4xx_devs.c.o
[1721/1779] Compiling C object libqemu-ppc-softmmu.a.p/hw_ppc_ppc_booke.c.o
[1722/1779] Compiling C object libqemu-ppc-softmmu.a.p/hw_ppc_ppc440_bamboo.c.o
[1723/1779] Compiling C object libqemu-ppc-softmmu.a.p/hw_ppc_rs6000_mc.c.o
[1724/1779] Compiling C object libsystem.a.p/tcg_tcg-op.c.o
[1725/1779] Compiling C object libqemu-ppc-softmmu.a.p/hw_ppc_prep_systemio.c.o
[1726/1779] Compiling C object libqemu-ppc-softmmu.a.p/hw_ppc_ppc440_uc.c.o
[1727/1779] Compiling C object libsystem.a.p/tcg_optimize.c.o
[1728/1779] Compiling C object libsystem.a.p/hw_usb_host-libusb.c.o
[1729/1779] Compiling C object libqemu-ppc-softmmu.a.p/hw_ppc_sam460ex.c.o
[1730/1779] Compiling C object libqemu-ppc-softmmu.a.p/hw_ppc_ppc4xx_sdram.c.o
[1731/1779] Compiling C object libqemu-ppc-softmmu.a.p/hw_ppc_mpc8544ds.c.o
[1732/1779] Compiling C object libqemu-ppc-softmmu.a.p/hw_ppc_mpc8544_guts.c.o
[1733/1779] Compiling C object libqemu-ppc-softmmu.a.p/hw_ppc_ppc.c.o
[1734/1779] Compiling C object libqemu-ppc-softmmu.a.p/hw_ppc_mac_oldworld.c.o
[1735/1779] Compiling C object libqemu-ppc-softmmu.a.p/hw_ppc_ppce500_spin.c.o
[1736/1779] Compiling C object libqemu-ppc-softmmu.a.p/hw_ppc_e500plat.c.o
[1737/1779] Compiling C object libqemu-ppc-softmmu.a.p/hw_ppc_prep.c.o
[1738/1779] Compiling C object libqemu-ppc-softmmu.a.p/target_ppc_cpu.c.o
[1739/1779] Compiling C object libqemu-ppc-softmmu.a.p/target-info-stub.c.o
[1740/1779] Compiling C object libqemu-ppc-softmmu.a.p/hw_ppc_virtex_ml507.c.o
[1741/1779] Compiling C object libsystem.a.p/tcg_tcg-op-gvec.c.o
[1742/1779] Compiling C object libqemu-ppc-softmmu.a.p/hw_ppc_pegasos.c.o
[1743/1779] Compiling C object libqemu-ppc-softmmu.a.p/target_ppc_gdbstub.c.o
[1744/1779] Compiling C object libqemu-ppc-softmmu.a.p/hw_ppc_amigaone.c.o
[1745/1779] Compiling C object libqemu-ppc-softmmu.a.p/hw_ppc_mac_newworld.c.o
[1746/1779] Compiling C object libqemu-ppc-softmmu.a.p/target_ppc_mmu_helper.c.o
[1747/1779] Compiling C object libqemu-ppc-softmmu.a.p/target_ppc_helper_regs.c.o
[1748/1779] Compiling C object libqemu-ppc-softmmu.a.p/hw_ppc_vof.c.o
[1749/1779] Compiling C object libqemu-ppc-softmmu.a.p/hw_ppc_e500.c.o
[1750/1779] Compiling C object libqemu-ppc-softmmu.a.p/libdecnumber_decContext.c.o
[1751/1779] Compiling C object libqemu-ppc-softmmu.a.p/target_ppc_excp_helper.c.o
[1752/1779] Compiling C object libqemu-ppc-softmmu.a.p/libdecnumber_dpd_decimal32.c.o
[1753/1779] Compiling C object libqemu-ppc-softmmu.a.p/libdecnumber_dpd_decimal64.c.o
[1754/1779] Compiling C object libqemu-ppc-softmmu.a.p/target_ppc_misc_helper.c.o
[1755/1779] Compiling C object libqemu-ppc-softmmu.a.p/libdecnumber_dpd_decimal128.c.o
[1756/1779] Compiling C object libqemu-ppc-softmmu.a.p/hw_intc_ppc-uic.c.o
[1757/1779] Compiling C object libqemu-ppc-softmmu.a.p/accel_accel-target.c.o
[1758/1779] Compiling C object libqemu-ppc-softmmu.a.p/target_ppc_cpu_init.c.o
[1759/1779] Compiling C object libqemu-ppc-softmmu.a.p/target_ppc_timebase_helper.c.o
[1760/1779] Compiling C object libqemu-ppc-softmmu.a.p/target_ppc_mem_helper.c.o
[1761/1779] Compiling C object libqemu-ppc-softmmu.a.p/hw_vfio_container.c.o
[1762/1779] Compiling C object libqemu-ppc-softmmu.a.p/hw_vfio_helpers.c.o
[1763/1779] Compiling C object libqemu-ppc-softmmu.a.p/target_ppc_power8-pmu.c.o
[1764/1779] Compiling C object libqemu-ppc-softmmu.a.p/target_ppc_dfp_helper.c.o
[1765/1779] Compiling C object libqemu-ppc-softmmu.a.p/target_ppc_cpu-models.c.o
[1766/1779] Compiling C object libqemu-ppc-softmmu.a.p/monitor_hmp-target.c.o
[1767/1779] Compiling C object libqemu-ppc-softmmu.a.p/target_ppc_tcg-excp_helper.c.o
[1768/1779] Compiling C object libqemu-ppc-softmmu.a.p/hw_vfio_listener.c.o
[1769/1779] Compiling C object libqemu-ppc-softmmu.a.p/hw_vfio_container-legacy.c.o
[1770/1779] Compiling C object libsystem.a.p/tcg_tcg.c.o
[1771/1779] Compiling C object libqemu-ppc-softmmu.a.p/hw_vfio_pci-quirks.c.o
[1772/1779] Compiling C object qemu-system-ppc.p/system_main.c.o
[1773/1779] Compiling C object libqemu-ppc-softmmu.a.p/hw_vfio_pci.c.o
[1774/1779] Compiling C object libqemu-ppc-softmmu.a.p/target_ppc_int_helper.c.o
[1775/1779] Compiling C object libqemu-ppc-softmmu.a.p/libdecnumber_decNumber.c.o
[1776/1779] Compiling C object libqemu-ppc-softmmu.a.p/target_ppc_fpu_helper.c.o
[1777/1779] Compiling C object libcommon.a.p/fpu_softfloat.c.o
[1778/1779] Compiling C object libqemu-ppc-softmmu.a.p/target_ppc_translate.c.o
[1779/1779] Linking target qemu-system-ppc
